,DGS10_z,DGS2_z,BAMLH0A0HYM2_z,FEDFUNDS_z,CPIAUCSL_z,A191RL1Q225SBEA_z,INDPRO_z,PAYEMS_z,CP_z,UMCSENT_z,VXOCLS_z,M2SL_z,USEPUINDXD_z,PNFIC1_z,GDP_z
2002-12-31,,,,,1.5663067277311822,,-0.20510990471332743,-1.3572932991844835,,-0.9120415491382612,0.7406646650304746,1.6440019420244587,1.2277946143614227,,
2003-01-31,,,,,1.7234743958257583,,0.26863271202678896,-1.1933429673678912,,-1.2996183589161097,1.3303337133126847,1.636184187851061,0.12606231161241485,,
2003-02-28,,,,,1.9144031805539494,,0.34982740998978507,-1.3014501659580313,,-1.4935468666886929,0.9925558108729058,1.6392534653422344,1.0962631376690897,,
2003-03-31,,,,,1.8876971257341175,,0.21326765302750364,-1.4522755478872,,-1.6368375618678555,0.8207138783421519,1.6016007488357502,0.6068686017679333,,
2003-04-30,,,,,1.611005822802065,,-0.11337452218322588,-1.4290094911092905,,-0.6992547064152297,-0.7887883206698119,1.6068814655465367,0.19024346080323856,,
2003-05-31,,,,,1.465238586945667,,-0.09080757140595912,-1.3187253139227284,,0.03647703908601086,-1.0981071130493048,1.6725929857290127,-0.6756796126602157,,
2003-06-30,,,,,1.4614748331364977,,0.03856012866971423,-1.2535710219502345,,-0.20150402642644483,-1.104921646018629,1.675961961801351,-0.8213114941032974,,
2003-07-31,,,,,1.5731662800569013,,0.4221575664468408,-1.1842748425536416,,0.007372033703382868,-1.1462047772480863,1.7055754295327736,-0.08567977687038843,,
2003-08-31,,,,,1.7416893894201888,,0.32850810807324266,-1.1499538285425575,,-0.1494117075799423,-1.4368806798348333,1.7594620667947607,-0.49699783818595455,,
2003-09-30,,,,,1.8246516837890943,,0.855883272494345,-0.9884839671186635,,-0.32997730032811484,-0.7317753635584812,1.5974970303492941,-0.6704561495205402,,
2003-10-31,,,,,1.6708994964228816,,1.0190065331155564,-0.7441996394142463,,0.04077530633912974,-1.7062840210989556,1.4970577052508862,-0.8384948470993445,,
2003-11-30,,,,,1.6195860385873762,,1.5881224418170894,-0.6569550433395915,,0.9557385249086423,-1.6498874668890566,1.4474404409809358,-0.16669285970367217,,
2003-12-31,,,,,1.6890748563716698,,1.6441132832757814,-0.4943104143654137,,0.8025289372395714,-1.4323520452522864,1.3823286127375822,-0.8574223338352511,,
2004-01-31,,,,,1.823351627248555,,1.7369027489460565,-0.2507668707823558,,2.804731657545234,-1.4297214096568998,1.3476638081102599,-1.5223798657290175,,
2004-02-29,,,,,1.8222628155707703,,2.065525736578669,-0.11250657668188895,,0.9818834404312407,-1.6350540541326657,1.4041983296800782,-0.7751139878771701,,
2004-03-31,,,,,1.8211374740561952,,1.6766399387395563,0.4154530964739624,,1.199759169070254,-1.2829176131457265,1.4468430901255616,-0.40510564069304217,,
2004-04-30,,,,,1.7904398973235873,,1.8150828877989613,0.9327161621702695,,0.86563252396442,-1.108733613730373,1.4980660209282315,-1.1323449510457007,,
2004-05-31,,,,,1.8833827464580932,,2.102464898409676,1.5224156002149287,,0.14536389036508485,-1.274717211736147,1.6542612421318788,-1.375714541784787,,
2004-06-30,,,,,1.9278220168019036,,1.5036835066590752,1.8114175146499711,,1.1035461257557384,-1.44747565993526,1.5835087802949885,-0.13523113048376076,,
2004-07-31,,,,,1.8447234760516742,,1.8090817643869892,2.0093361021837834,,1.2557018222571452,-1.2096924103052435,1.5523577994120663,-0.6957540689270961,,
2004-08-31,,,,,1.75057722455502,,1.7266136489633688,2.1993120293660966,,1.0754549520387153,-1.1940079482043082,1.5652930370138478,-1.3251604358705615,,
2004-09-30,,,,,1.78129581571969,,1.6780837045098536,2.379238028824359,,0.7342669509580148,-1.308943626926624,1.588016428958364,-1.2458695443881853,,
2004-10-31,,,,,1.903711788398347,,2.028787949809468,2.680777923937732,,0.25096691487816775,-0.8741425932122758,1.595164783940597,0.5040641300109862,,
2004-11-30,,,,,1.9847868020670656,,2.0400490860899327,2.4882877502984573,,0.41404458315553694,-1.187047507235278,1.5968483126207786,-1.068696437921575,,
2004-12-31,,-0.13811317441669235,-1.7844627422148562,-0.33410336636828764,1.8604706543216518,,2.3095460746703527,2.38206533645171,,1.149267168898812,-1.1274970393609358,1.5699943170425485,-1.3397809508772531,,
2005-01-31,,0.01912813117351652,-1.6505767489740129,-0.25413141907003717,1.7304290922900254,,2.3043461973275594,2.312161027884625,,0.8378125732658558,-1.211489837788325,1.5109958573734286,-0.23135435770017743,,
2005-02-28,,0.24048002398355872,-1.8107380370564632,-0.12259907188204684,1.8135957574515074,0.6924186586524018,2.455961752048745,2.339470012407354,1.8904673669479168,0.5646031893603721,-1.208048369073486,1.4627347017853036,-0.9878656073445384,,2.0047817067121794
2005-03-31,,0.4169658659071171,-1.444261797515724,-0.031974643522663264,1.8602970336681708,0.8451344151939011,2.1857513776893205,2.222402885710385,2.8493715764616376,0.3127464528942651,-0.9742102911676191,1.4254338596192033,-0.12710749180964825,,2.2201438383129695
2005-04-30,,0.3753136030953399,-1.1103393595457252,0.07850229890843317,1.8706389753333879,0.819807014702018,2.0994370273596625,2.329348760291343,2.6313580235482443,-0.5504685016613877,-0.7633781723446387,1.409871218374629,1.1924301849560512,,2.116108049886932
2005-05-31,,0.38986477149791937,-1.1107474473400585,0.22304374362653615,1.7335951694065788,0.7950741205339643,1.9734733180296733,2.2383422728760545,2.4509889776318445,-0.6533132381355004,-1.0186326903137988,1.4105329961865147,-0.4491175457299577,,2.024200368601671
2005-06-30,,0.49049186646296583,-1.2052116837190368,0.28688830481106814,1.6570245996326007,-0.27957383313439904,1.988725569430672,2.2211538858102973,2.403323527605627,0.9877932165912257,-1.0839335887726005,1.4673500540410582,-0.4684559304071065,,2.114591840630891
2005-07-31,,0.8360721119099711,-1.4051942281809464,0.4599196952578118,1.8156256165971034,-0.24838491597491022,1.7158090796958847,2.258665854234982,2.2579415043673596,1.0231016565245088,-1.0618382398625734,1.5189812204527016,-1.0830858770694465,,2.014222453113252
2005-08-31,,0.7639924324181334,-1.2107223291263398,0.6589467290602686,1.9454367059871351,-0.2151545254872645,1.7240575936081246,2.1794179927510635,2.1318829335395675,-0.31106987000072134,-0.9367360029846787,1.5710505588257238,-1.058618253795364,,1.9246773482785648
2005-09-30,,1.1333314316929366,-1.2236072071567432,0.8022031654800215,2.3194656779516207,0.3716581400686489,0.8702096355260959,2.0200342354818623,2.190743264972528,-2.28591873830237,-0.9547545987534779,1.6267945437463744,-0.28779400677692885,,2.08556615293405
2005-10-31,,1.4215108835338883,-1.1538195859382467,0.988911276617418,2.1808513998957952,0.35087131807504873,1.2947036762375221,1.9090295591150468,2.0737953436058496,-2.542844066249852,-0.6604048434230785,1.6766565536162035,0.5086562880228187,,1.9881659023892924
2005-11-30,,1.517682637045326,-1.0916562865735813,1.2417036816818257,1.841117310837648,0.32994210396083407,1.6317899179788786,1.9625227996287282,1.970276177329015,-1.3514237068876052,-0.8857154116662358,1.6577296998566424,-0.6482263596358769,,1.9010646960076016
2005-12-31,,1.5530392478754302,-1.040250922253282,1.4761315561999073,1.72484762549351,-0.1878745092353285,1.7100802356291644,1.8964458039876289,2.109462299547675,0.16203485658265057,-0.8535225863138675,1.679876662246353,0.9976710772072127,,2.0091800840742873
2006-01-31,,1.6880062942724938,-1.1255368837034103,1.683926122160901,1.8258638875384134,-0.1860986919969638,1.6539844479998616,1.892404702823942,2.0044263730263916,0.07918739710159635,-0.7842460319313834,1.753908165127932,-0.6841700290250382,,1.9181018242377832
2006-02-28,,1.818762478753473,-1.1088440796752272,1.9210941705641236,1.7194913259690583,-0.18432429085712765,1.5636309270955955,1.9040112394684594,1.9107062408588944,-0.6936826886038228,-0.8689597835969183,1.754728392948991,-0.4928594120821065,,1.8361422129278995
2006-03-31,,1.9041362345709996,-1.1694072005467413,2.0647830091566615,1.6592587032705843,1.4942149407158563,1.5505068711823464,1.9127627382643184,1.9062918196652352,-0.4109360253746389,-1.138238775062496,1.721427347200006,-1.1324606455596893,,2.0333698396092834
2006-04-30,,1.9137479100911294,-1.1665017420644326,2.23786741081142,1.725819892476409,1.4640776005595897,1.5724728283739664,1.857781147841542,1.820912110201598,-0.6891978649642408,-1.2050384247838524,1.7719572424317145,0.011243304103195337,,1.9412991887058364
2006-05-31,,2.0191668082273218,-1.0954404712429577,2.306790640002838,1.723338164698378,1.439008402658231,1.5029903965484421,1.7513264416537007,1.7434289554458555,-1.9867981919121547,0.25965139800376724,1.6979551907472752,0.9141941661132387,,1.8586218303058606
2006-06-30,,2.0674117412866178,-0.9668674014069797,2.272155597308889,1.7062979180971374,-1.0240346607756319,1.5521319445152537,1.680586700683213,1.79096707843767,-0.9731212182890431,-0.6794530005581885,1.7404968984553726,1.7479024266587353,,1.9257522223720722
2006-07-31,,1.8305774096093914,-0.8946365835166874,2.368581288782021,1.78324759836772,-1.0019199362130615,1.4510942381911853,1.66800762757103,1.7158832003441322,-0.9642989036628717,-0.18548790290101677,1.7837472404615395,0.3791901865712506,,1.8427128305479827
2006-08-31,,1.6201799202178113,-0.8486405012489388,2.2724313136826244,1.8135687910357474,-0.9804187659059556,1.5474375523158252,1.6463536636236864,1.64711884218254,-1.3382099839994364,-1.0212271110375803,1.7766630911069632,-0.9225519467636707,,1.7675015203386641
2006-09-30,,1.493391906456147,-0.8458081260762872,2.1595084454316433,1.5464656424223098,-1.262092271313482,1.4060795148974043,1.615560282485317,1.6525433504410758,-0.7797812987383184,-1.0968668524546943,1.7613617990517751,-0.4461896765277459,,1.8048788931421076
2006-10-31,,1.4372134409183606,-0.8847058980295545,2.0477862090531365,1.322751524157732,-1.3362774051147508,1.3055243568381636,1.5349029065351663,1.592340572496287,0.5027808919904391,-1.4551705818224585,1.8244103937725058,-0.8517065525926746,,1.7343783116189067
2006-11-30,,1.3160103919331483,-0.8945924254478141,1.9445054009242415,1.2773294172497804,-1.4203755088161967,1.2342380180516548,1.552242239997261,1.5367802947722795,0.2732690643021979,-1.4013976805645556,1.8354890118615377,1.1858919542525763,,1.6700274336454077
2006-12-31,,1.4325343825238042,-1.0001326917832942,1.8447182617185167,1.40049001304996,0.3263118860080497,1.581266541925861,1.557889362780642,1.3604356814564207,0.21401435325009305,-0.9455354767251491,1.872801413392668,2.221232995900128,,1.7598123320729706
2007-01-31,,1.4779961955148295,-1.0419216820396089,1.7665848240326039,1.3890398295197177,0.30494650682477104,1.3654885651292756,1.5793757157713426,1.3197196988861397,1.128686225967371,-1.4305609953412182,1.8928351239337668,0.9756237131014487,,1.694182320299383
2007-02-28,,1.2080589898820056,-0.965831857453981,1.6952994071344707,1.4553084289653302,0.2833304678307814,1.6827834260626866,1.541291662482199,1.281709033126628,0.20658042115038078,1.433909680611933,1.836009615280723,-0.5934790060995035,,1.6341680503531808
2007-03-31,,1.130624978347967,-0.9209039977073289,1.624006903674104,1.5634903916275338,-1.1295654252807237,1.6768075267448141,1.5663702807886062,1.0363939847602688,-0.25103529952948567,0.7484615542416161,1.839528982513303,-0.4421785660656645,,1.7296014692227837
2007-04-30,,1.1163965785154029,-0.9391563060442497,1.5525229706290609,1.5909901871021037,-1.0957608873728342,1.8628071166040514,1.5150654681927025,1.0060771502229469,-0.4417356816763841,0.2821849285385918,1.955308249997014,-1.018596837967477,,1.6664650122078402
2007-05-31,,1.32293656544548,-1.0317993852845901,1.4919316871634742,1.6527168651120931,-1.0632642534366212,1.7743075533094563,1.5050141420264074,0.9771231478741519,-0.22644881481106466,0.003915283670917686,1.8642943430988204,-0.8026691414543656,,1.6086368460079592
2007-06-30,,1.2431202793349099,-0.76987225284663,1.435415550884804,1.6451257108877202,-0.2688714204092605,1.7121445370716375,1.4649533626429068,1.1965505065030038,-0.6981352017994985,2.128169616855592,1.844391223791204,-1.0689276588834,,1.7129432648132032
2007-07-31,,0.9760093669180248,-0.1702541432746643,1.3879800013961727,1.6230915614314687,-0.2688714204092605,1.569526346648109,1.3842147038920052,1.1624496642621336,0.22009125370806137,4.444698347684423,1.819794997733807,-1.2345454167864214,,1.6519411307399439
2007-08-31,,0.6434188592390468,0.05087142715746387,1.2057480306156456,1.5570204179123521,-0.2688714204092605,1.5909564696366725,1.308422794575032,1.1303507422593266,-0.9663862638615115,3.1809893274735797,1.922842326062307,-0.11573591156942711,,1.5960755779550542
2007-09-30,,0.4840442215890213,-0.0851477336011428,1.1211414329149092,1.63474822275853,-0.39998342892914157,1.6400766712018275,1.296899623992581,0.9226225886165694,-0.9140587059832669,1.4188873644907232,1.8450047995482828,-0.7921582949881426,,1.679957192716291
2007-10-31,,0.4377309810590332,0.07298706096453401,0.9852717881669476,1.6612556272252452,-0.4089902000098667,1.4361713572672619,1.2788400186079432,0.8945825734604348,-1.2816902600545084,1.426579253867766,1.7673251369453333,0.47631795686610684,,1.6225798652206163
2007-11-30,,-0.27266142117571723,1.0701159970813077,0.8033736068094207,1.84512322391443,-0.4181098905824145,1.6294552956515038,1.2856469675906896,0.8675411004895467,-1.943727774988299,2.8382636657352114,1.726021999859774,0.04586431528744337,,1.5700421581321065
2007-12-31,,-0.28818979902391095,1.3285422818519717,0.6357929705286112,1.8405603198562732,-0.3211654415459011,1.5699399144160247,1.2914021365473674,0.9207354872997306,-1.9064992066027273,2.1801842516801657,1.7018038093998529,1.5166703607748948,,1.647710457515056
2008-01-31,,-0.9982315552359339,2.216891694663365,0.44115214290279336,1.861650043960386,-0.34951373913528655,1.4304608120728222,1.2421479104071542,0.8922651167647904,-1.354769982248736,2.882127810383505,1.6899433392178524,3.3472026685206333,,1.59473717378006
2008-02-29,,-1.4180159066329308,2.8751296428173148,-0.13389987565069034,1.8418099405423622,-0.37946198817369015,1.1829718707567032,1.1605868555116772,0.8647369609423738,-2.336125043519254,2.6081585804745875,1.81585682606115,1.4125042248087516,,1.546376467772297
2008-03-31,,-1.4466809634761948,3.237896226848309,-0.3679496096413263,1.860783876699708,-2.8876036576068,0.9725543165786201,1.079842141524728,0.4409160620648123,-2.2779577134377638,1.9678394403297306,1.8715237493669625,-0.05399823805245398,,1.4921206528083206
2008-04-30,,-0.9323591681105862,2.139846400487024,-0.578735996106367,1.8331886681969911,-2.6745913622019426,0.5856123998848789,0.9003910119766471,0.4147628895907064,-2.787127987756687,0.9807406206321156,1.8607939098598731,0.09482565072971672,,1.4494022856054853
2008-05-31,,-0.6644255852544272,1.8979781543280116,-0.7707842941012827,1.934754048927802,-2.497442224959595,0.2284023112242046,0.736303856270969,0.3880589554855078,-2.702128953609597,0.4995738220154818,1.779372115189188,-0.13739345644718137,,1.4103350710919116
2008-06-30,,-0.7242338359945986,2.4475686669034546,-0.772729940994622,2.1709700515755532,-0.2534760345623496,0.053189157286829915,0.5865107684045492,0.45187167084033597,-2.697535724953121,1.4520259083290794,1.7214665624113934,0.15817233100023315,,1.5116272977918102
2008-07-31,,-0.8377843407814418,2.7497740882527455,-0.7855149423061077,2.2458776222397647,-0.24278669285085303,-0.2387397838087133,0.38786499427372656,0.4252111892360992,-2.0343101518600113,1.3764942919865457,1.7382052521909817,-0.286399213543811,,1.470220491185525
2008-08-31,,-0.9881031240928633,2.788205190083386,-0.8105791794834868,2.0322420521731086,-0.23210691005121528,-1.1454017054892027,0.09803398741067927,0.39791194468936886,-1.7192075894490055,0.9728133192937051,1.6736320378324991,0.4049373711745103,,1.4327348524731482
2008-09-30,,-1.3219079220945398,3.881404927400818,-0.9462484643485635,1.904968697442393,-2.5628890500337067,-3.285304238428224,-0.3755199918141782,0.07790491784663571,-0.9970049241923898,3.574214555232838,1.7385496623497192,5.279836301266753,,1.4225035850391516
2008-10-31,,-1.6915831279362021,5.080462858573766,-1.4715978619071997,1.511114134304358,-2.456512168559858,-2.596946846700014,-0.9306406806436344,0.04080866556811276,-2.0223198561916482,4.0649850664523814,1.8745041537237928,1.1498777822749644,,1.3841644217173854
2008-11-30,,-2.10777712602809,4.981591521775842,-1.809528890944881,0.86627517396079,-2.3673277121564524,-2.8110627403327277,-1.7668880745260138,4.981033335515393e-05,-2.026689220438372,3.1918614831017913,1.87572548831043,1.5662643893592452,,1.3491918219039676
2008-12-31,,-2.23288235648484,3.761807586540357,-1.9159048029602574,0.5463309319841039,-4.567421423643268,-3.249538208220677,-2.4380122207986448,-2.59530553933948,-1.5238891838789874,1.515642822018598,2.141089761376105,0.9468955169561486,,1.0351792565336362
2009-01-31,,-2.0290412613460997,2.9283808577831194,-1.8860226975814105,0.5914451278193548,-3.8868076029505927,-3.296041932812914,-2.9141372117866875,-2.5541806189032843,-1.3498775405501704,1.7930755650304018,2.1535950461740745,0.6055233523141442,,1.0076114657728878
2009-02-28,,-1.9419809322919908,2.925777872782578,-1.8126430914890135,0.6774593560161426,-3.42890068707922,-2.920868418750502,-3.105142105008311,-2.514703090444562,-1.6203982303501647,1.871382618666045,2.052510025533543,0.839946006687778,,0.9817290817476352
2009-03-31,,-2.0443171200849033,2.619919334134237,-1.804759982348101,0.5988832762572889,-1.9791162637830553,-2.803947827205691,-3.1501909866574063,-0.7961922763759915,-1.4463594673268594,1.4382993809919937,2.037417601569481,0.8659379266803812,,0.7722853557577624
2009-04-30,,-1.8990866409958607,1.7175313766570022,-1.7904536165491722,0.5945751282021681,-1.8829204927710654,-2.581222590385558,-3.0322306665141827,-0.8256073271414431,-0.8069761728254574,0.8811448043499212,1.9036637270430723,0.08954796418342365,,0.7478313447459317
2009-05-31,,-1.8233784673665474,1.280224378613378,-1.743768472416976,0.6093617835443909,-1.7962089341372294,-2.4340101627959054,-2.7858565888675324,-0.8566347461344278,-0.5096165560255489,0.318099561165898,1.890060441668966,-0.08973348118383317,,0.7242020209321451
2009-06-30,,-1.627999593264199,0.9948016760892612,-1.698773924385938,0.894380876274942,-0.6154982324809111,-2.2284389996628864,-2.634585682267089,-0.49899850327122536,-0.3225379464677433,-0.04973745261473493,1.7882039817237239,-0.3087539469009965,,0.6434518951075936
2009-07-31,,-1.563969759051676,0.682008044350757,-1.6917010038016926,0.8346028930327289,-0.5958647463330214,-1.8827697252804068,-2.465385547701095,-0.5271453317032402,-0.6505024538526375,-0.016014795651906187,1.6873359550157472,1.9704774040651751,,0.619064073083837
2009-08-31,,-1.628378264300438,0.6404531981048943,-1.6536732583969225,0.9244217881962682,-0.5764700456287589,-1.6051657350778585,-2.276943325257646,-0.5568457795088169,-0.6380725414367461,-0.17324515378332464,1.5894902391372305,-0.6791039954743102,,0.5950376195206876
2009-09-30,,-1.5900672466920533,0.3656185223187255,-1.618515868911851,0.9586980668800387,0.0766686800039758,-1.3957023946958822,-2.135754763040223,0.4344560343259408,-0.017166167629517958,-0.1460849828754084,1.5006025034561898,-0.2751755313293102,,0.6548935597077883
2009-10-31,,-1.5739401820648968,0.27947117846144753,-1.59190475701871,1.0482713065368332,0.08944008743456974,-1.2860907103157317,-2.006511771369795,0.40975900461652104,-0.19872917966482237,0.14208434789280522,1.4705797377699135,-0.3097755640115643,,0.63129014568237
2009-11-30,,-1.6612591623431872,0.27501869913628835,-1.5483349877972092,1.1627039180617615,0.1023765519700769,-1.1644141048186933,-1.8456354015595904,0.38471461031369675,-0.41320813129140754,-0.39411087749096885,1.4488881789798518,0.24055508275887522,,0.6082753558520659
2009-12-31,-0.7292882952591875,-1.312620848896861,-0.01464003367525086,-1.5035505819427597,1.1460423214968285,1.0299210442321438,-1.05896751601596,-1.7779597771402507,1.037998586200873,0.05468293883915519,-0.618842659503659,1.365296728400581,0.237947249870569,,0.8657680776764921
2010-01-31,-1.0020638593258482,-1.464619506654046,0.00659198296006342,-1.464353946652437,1.1415592567239148,1.026784332911543,-0.870670972092277,-1.6523533283054255,1.0084287005425892,0.29200370814356985,-0.2918399090967964,1.2307631519182727,0.36154925879691197,,0.845085646174425
2010-02-28,-1.0226908729673867,-1.417461043158774,0.030171387264222294,-1.4104466187827984,1.0558228776429261,1.0236622086782425,-0.7793675125541707,-1.5672731128815756,0.9803085460933096,0.2776034361444864,-0.7399278810592264,1.269925323044486,0.5961320566564292,,0.8265164746552988
2010-03-31,-0.7079930407884911,-1.2432162059375838,-0.17356193040338785,-1.3536999069724573,1.0359567148599218,0.2674630973453212,-0.6461424006867372,-1.4253391534652526,1.3686417372572433,0.331807316123399,-1.006095042623558,1.2029877568598524,-0.42812664343005663,,0.9793329395237805
2010-04-30,-0.9023030649707492,-1.2315269012688137,-0.23095190908296104,-1.2941679394171843,1.0121720078931098,0.2836242223765448,-0.5587954105276296,-1.2736912933053035,1.3202521815220816,0.24191418163513106,-0.6236338719030122,1.2093025125761454,-0.6115200417430774,,0.9597898441042004
2010-05-31,-1.4227679927771573,-1.3119824889971725,0.06653549028722958,-1.2544339172191754,0.9422278995986536,0.3001792604321421,-0.337093863436005,-1.064675946757657,1.2745023356436223,0.45908603272683507,0.1710800522578855,1.2654968478266462,0.6910979685161789,,0.9432182787629662
2010-06-30,-1.8838466295044163,-1.3517378910933582,0.08833069728963067,-1.225257521475856,0.87866836928013,0.91952574562134,-0.27030635508377493,-1.0426841150148363,1.1753224790124939,0.7881217021573108,0.3735269793329601,1.2483734849360406,0.3837163129002923,,1.2923715775785747
2010-07-31,-1.9107375831326976,-1.3370674403075835,-0.046462140156295885,-1.1870635293468401,0.9704206902920341,0.9039010482795466,-0.17958367046920184,-1.0115772488561272,1.1378609579255883,-0.10676421727962397,-0.547726391124747,1.2180953067345643,0.44752611770708833,,1.2764033347833226
2010-08-31,-2.52489489098627,-1.3340069587218555,0.0162914979245115,-1.145010010911313,1.0490976929998335,0.8885902904408368,-0.08780121359632304,-0.9570376308112688,1.101974188273071,0.09209965515679935,-0.24398138414030351,1.2687131295041554,0.5308580996736654,,1.2665280824168867
2010-09-30,-2.3921041961078195,-1.314151532604336,-0.14548770817401047,-1.1086783669820242,1.1440664320939269,0.6399026152823106,-0.004326979000753692,-0.9257832393033232,1.5313038530945844,0.057970606830836324,-0.6277803763773283,1.2821204112497808,-0.07454142501114312,,1.5490364489045694
2010-10-31,-2.2127638429997694,-1.311856982822097,-0.23111582388991242,-1.0732702032642638,1.3927433847943234,0.6406445601893598,-0.004272874923154679,-0.7991471134048526,1.4746448519064672,0.04076134433978381,-0.7350063363931685,1.342664681618479,1.225433730232793,,1.5294084312258538
2010-11-30,-1.9228539171361285,-1.207154584749969,-0.17487538163121882,-1.0386383295007127,1.537101596542398,0.6413872736461737,0.05559699838409246,-0.7176269324981961,1.421636798313376,0.6760462548001904,-0.5609547462621661,1.3386834037065,-0.05540998006427286,,1.517537990067513
2010-12-31,-1.2088362849795053,-1.0800483151185456,-0.3704028146446868,-1.0092453214047226,1.7788977181903687,0.32985709353700277,0.280541264246216,-0.6506811634987854,1.3821604087333985,1.1438159341614258,-1.0624434756728576,1.3711984201173786,0.09219410275942791,,1.8324577511180205
2011-01-31,-1.0225112337004816,-1.0612841234082626,-0.45546115213328375,-0.9806518367930228,1.917409333546631,0.3304378229392013,0.3047660546580237,-0.6063417145898227,1.3398232148474847,1.146565943318983,-1.0432911111908707,1.380551127230374,-0.5097589042526327,,1.8040559928779365
2011-02-28,-1.0056977781537662,-0.9670493398303966,-0.533039926060893,-0.9528054421519401,2.0192611817662263,0.3310188671710479,0.2937635822410559,-0.49411400533998684,1.2996418413535638,1.5990859464794094,-1.0366450877504425,1.4923847421468304,-0.7651044145745669,,1.7853429018760247
2011-03-31,-0.9188207001507037,-0.8752312746003796,-0.5443859519592642,-0.9300765411361416,2.2132556047367165,-0.5806405893611676,0.5814474519535084,-0.37403474105484047,0.6020575520385516,0.03200887147898331,-1.0057577190987028,1.5831424051197784,-0.794995790081401,,1.829826527793347
2011-04-30,-1.118277397821719,-0.9537614929724649,-0.5563722090490225,-0.9167250282310448,2.311446823467734,-0.5555082073493252,0.5936046440742921,-0.2130846173564781,0.5935369511924252,0.3657494529453662,-1.1723533069656764,1.683876643230026,-0.8487700317221192,,1.787139324264487
2011-05-31,-1.4887029800997003,-1.0163503094498643,-0.4888077499719152,-0.8909769799814921,2.274564165785347,-0.5303612992200863,0.7114218967857593,-0.11716338649438758,0.5850951508006662,1.0234714403801235,-1.1131453582994248,1.807454223170293,-0.8919732891575846,,1.7519226256024678
2011-06-30,-1.284859728437471,-0.9885383741690101,-0.42079640995509315,-0.8616437900942652,2.069073336254605,0.6367530433428182,0.8890421850107241,0.04184251888243807,0.9095179466578253,0.5337102807040448,-1.0166082744008185,1.9318727556583979,-0.36824272750853215,,2.1521990605910855
2011-07-31,-1.7775286636704202,-1.0137579798372294,-0.393182198022932,-0.8424182048555863,2.0515421069228745,0.625426354058229,1.133589636222291,0.14990891246345717,0.8952080932024306,-0.7963280735927742,-0.1566035324965055,2.2592498640379968,1.3552365070088497,,2.080173563898016
2011-08-31,-2.549072130157019,-1.0807482073616748,0.005574807575038612,-0.8013174769190804,2.048617679327293,0.6142339973808695,1.3983673180730736,0.31640788409203363,0.8811647634939974,-2.0011435153725046,0.2678582817832637,2.5779186881634044,-0.21909587464829477,,2.018368827052649
2011-09-30,-2.8633574136343625,-1.0208158517422363,0.25631614325411445,-0.7838252948004594,1.9919807259293913,-0.28936172621410605,1.3422966648770704,0.5707912918286381,0.9280845994368437,-1.322036928805597,1.2999483072418483,2.434356813124186,-0.7498342556680315,,2.142761512018641
2011-10-31,-2.432221605819478,-0.9934171993750521,-0.08685282740368108,-0.7623457634337356,1.8632533087735847,-0.28539186161922137,1.5174843699383327,0.880940160894794,0.9149208299497351,-1.1542955091741287,0.1027541139903609,2.324796014922473,-0.7093029209503672,,2.0674970076855277
2011-11-30,-2.4693565292249042,-0.9667570591872755,0.07222248814137644,-0.731924708156556,1.8131802858712047,-0.2814315023238527,1.4587497122738484,1.1825785368972477,0.9019880156357021,-0.7675537297178657,0.10201054887024831,2.2675673284590903,-0.8793849173875302,,2.0022573893568825
2011-12-31,-2.629237486304893,-0.9438697551678047,-0.08586536524854098,-0.7117949738139486,1.7178692921232437,1.2252213698980636,1.5102327925445032,1.5484042257995942,1.2593087511079368,0.24786105907932068,-0.3111178009898575,2.1811444501134067,0.5636164109131093,,2.330048783149761
2012-01-31,-2.6173559249824754,-0.9450719806531671,-0.26118952771129983,-0.6822511951649451,1.7385268824342803,1.211759636956945,1.5645819868355257,1.9929258037742157,1.2257004468685433,1.0806182931733301,-0.7954230891584836,2.1489133857607765,-0.8059516894492925,,2.2232919757583756
2012-02-29,-2.355488670324257,-0.8683666942390095,-0.4398973642627538,-0.6478636921274704,1.7267493056068228,1.1985508997276262,1.5430582246999045,2.2142938746540666,1.193491108437486,1.1043099878095015,-1.0646987673752053,2.07403124076884,-1.2847725427703425,1.1829831144735379,2.1301278772691985
2012-03-31,-2.0087448740735825,-0.8269618159007968,-0.45612305142126397,-0.6080727159482526,1.719383237236042,0.8015363107898424,1.3292794044465406,2.271146563675551,2.297585139704542,1.2447424178796758,-1.2634300292229486,1.990303966807378,-0.8267609421366833,1.537840680905005,2.467609316902615
2012-04-30,-2.2948589256113068,-0.8559610784993531,-0.4634032460083782,-0.5791931028947784,1.6963322243660384,0.7858199913093101,1.4456255708240906,2.140154239904139,2.163719742102234,1.2118623633744505,-1.023339885865437,1.9352194634209163,-0.4178178647946993,1.4899566446580834,2.3302610799847705
2012-05-31,-2.645699922246536,-0.8499838114158816,-0.24456378786081232,-0.5444797235234712,1.5178606914720325,0.7703912441914063,1.449005605885599,2.0371830175434513,2.046598878861105,1.6552522552064346,0.08400759874270847,1.8657489183918932,-0.4633052496702508,1.4448161606586434,2.211338914300793
2012-06-30,-2.469051409387089,-0.7973714613636844,-0.4050498451780836,-0.522050995456909,1.3979592034536614,0.2743747954043326,1.417965482604502,1.9218572499918167,1.6580684557874958,0.4899305873518224,-0.8908093530484172,1.8491806761470908,1.0184683828259438,1.7301929484016296,2.337362951384965
2012-07-31,-2.5621404150643814,-0.8931535384348229,-0.4935291761877266,-0.500622796831007,1.3391847412283293,0.2784252624384389,1.4330991797988788,1.8629396770691216,1.5948209078693005,0.29064262694517634,-0.6026027878586961,1.8043168563012417,-0.4593691946083709,1.6736427044223607,2.206751603052136
2012-08-31,-2.4093408576754745,-0.9053207552430672,-0.5520804161182915,-0.5010290776769886,1.5242398573768547,0.2824918106491927,1.2654588937487663,1.831878803854152,1.5360889046500343,0.6300481373954839,-0.8512103208641372,1.7926604677232494,1.7156184448565088,1.620798253885281,2.092525201037295
2012-09-30,-2.2513855623272985,-0.9008977815712325,-0.6289799696089847,-0.4739127965013778,1.6448551936648876,-0.08540756739094044,1.204503009953858,1.8030676424292054,1.545569530759136,1.3380997336468878,-1.061259824549666,1.7955864159071657,1.014015415177958,1.5332270749609758,2.1662657646346157
2012-10-31,-2.1138590399994626,-0.8331985972169851,-0.6686490846086768,-0.4376114110464354,1.660569508334928,-0.07662943967023142,1.268411608508896,1.7632808256193948,1.487232176525207,1.959092219625036,-0.4163377410075308,1.7742715002006961,-0.12761507977623077,1.495850248015794,2.0516421980640613
2012-11-30,-2.1573144192523346,-0.8912616385635719,-0.6624166381443354,-0.41821136656835833,1.4881277482731077,-0.0678272679522408,1.361117441211737,1.7312330537987222,1.4327369207800114,1.8206795599775325,-0.7592542549441895,1.7572547753760388,1.4385819762931542,1.4602153823411963,1.9499743371323577
2012-12-31,-1.9390578680090362,-0.8922994133760226,-0.7446158460981434,-0.4001908891728147,1.3991990714688447,-0.08907007851384774,1.4270237056061665,1.7569983549487311,1.2761226635025382,0.1666653140400729,-0.39108205737214646,1.8170677134954372,1.341772327698219,1.5744648564314951,2.0059837603374775
2013-01-31,-1.6541401867170145,-0.8388753738318175,-0.8391680413736986,-0.4113698242231012,1.407582049713291,-0.07872562941306309,1.3752672895496183,1.745116024319765,1.234929083145008,0.3215026095703594,-1.0238356022842579,1.732489912717652,-0.3920436467338851,1.538715248909975,1.9067963634562248
2013-02-28,-1.7489915860329557,-0.8406625219020387,-0.8138655994564219,-0.3741608797173955,1.5626944908493627,-0.06833754038949812,1.5134967418541294,1.7926547372356736,1.195698819474554,0.9328743727876307,-0.8806062163260995,1.6513799279696648,1.118937213294562,1.5045619970234307,1.8176279851343689
2013-03-31,-1.7306678679926077,-0.8122821993178106,-0.826616961680649,-0.3649902656149045,1.3608473574539541,1.010125163930263,1.6164639308163262,1.7582818807086524,1.0988560188569991,1.0596560620874647,-1.2472451902747292,1.632561248092977,-0.03584360390956197,1.6662819866516012,2.0493199429578666
2013-04-30,-1.8555346572962046,-0.8423918695329377,-0.8951161097925322,-0.3181643392648765,1.2054267436000867,0.9772778966152497,1.517312415042975,1.7437293820068378,1.0629512613463596,0.6748231117697663,-1.1189002286610674,1.5769823237345129,-1.0720550838528908,1.622702592953518,1.946384503467071
2013-05-31,-1.3808001816219972,-0.7076984474412563,-0.8628530531265376,-0.37007462004916925,1.172177368934844,0.9454836825347088,1.4819334504912887,1.7392079334280552,1.028395407859204,1.847254481713819,-0.6063815325786542,1.5358125378767167,-1.2090810371001692,1.5814188938976,1.8541683308405175
2013-06-30,-1.0157218995311665,-0.5961231619453642,-0.6912201223671673,-0.39331063956030554,1.2373704307989781,0.03840862445084072,1.4870341226490453,1.719159406872582,0.9703961224995689,1.6830884214152737,-0.35095996316900624,1.5313230500004344,-0.40312914655261706,1.60510647541295,1.8713939750126602
2013-07-31,-0.922297545206984,-0.710656702513311,-0.8063561100067971,-0.38140416586500553,1.286515398158267,0.04532646635364682,1.280130720101064,1.67061938003664,0.9393975946142394,1.6979605550544439,-0.9221468486826648,1.5054545060576792,-0.9769449137330457,1.564063943118898,1.7850327476960128
2013-08-31,-0.7341250060100573,-0.5294977600508715,-0.7731298257270751,-0.4380003763777019,1.363043611160383,0.05227084401730367,1.46874730559129,1.6975073114613068,0.9093272891026817,1.1958943678211957,-0.2121543260788565,1.5083587048857225,-0.5966925522480897,1.525085591278561,1.7065037540630508
2013-09-30,-0.8578646644638104,-0.7053912847012851,-0.7288329866200421,-0.6580434651627411,1.3435823055298501,0.7851159926580322,1.6151045585385655,1.6888186440518684,1.0093598832889639,0.5119340084418729,-0.44615061873786477,1.516463478309063,0.17888986750511876,1.6917125767646128,1.9012018513495585
2013-10-31,-0.9108720488533525,-0.7637005852059405,-0.8355982413784924,-1.0290286282744725,1.3352262091345322,0.7581968373167356,1.4898951744864444,1.6986671638128104,0.9762686966585835,-0.12165725640021834,-0.941903535636476,1.6123046335265605,-1.0508811412817058,1.6345697174910618,1.8121961003242886
2013-11-30,-0.7234502571226652,-0.83571379596044,-0.880050392690817,-1.4161985848313345,1.4067310838009208,0.7317560879474959,1.5364091184276294,1.7326876335753463,0.944229756018084,0.13742493633185698,-0.8666056090292626,1.5444978655431916,-0.6314507171399896,1.5812102250973457,1.7314609217014345
2013-12-31,-0.43216336170133207,-0.47827296416885606,-0.9882139578206693,-1.1336263551257484,1.5252485744306794,0.728161371438595,1.5483494116866245,1.66421064957575,1.122875582555246,1.1469221029113275,-0.9058998363695479,1.5635960445209833,-0.065797897291304,1.7801143733447649,1.924205781003197
2014-01-31,-0.779896862665998,-0.588482041429352,-0.9281416250168297,-1.5534976997715308,1.6296297681160348,0.7356491286469151,1.3083301319182392,1.6680922163515874,1.1386096501647267,0.9243618968123538,-0.10454332660759934,1.5928178608329429,-1.2984144114881795,1.702847899081184,1.8383411524314415
2014-02-28,-0.7776845745263005,-0.5973941206967798,-1.1583555179960325,-1.517719459857634,1.6488178437744636,0.765030196818796,1.6060802050775327,1.65386697023057,1.174705211340391,0.9535772713955465,-0.780833828803312,1.6162297307540052,-0.8907684987898,1.6320096659663512,1.760529614574468
2014-03-31,-0.6994932285408224,-0.19107961113236374,-1.3413239616868022,-1.234033018497021,1.7154750169064301,-1.5666639663314332,1.9581191648284846,1.6966098355784602,0.8693099600493487,0.6906005793533563,-0.8151709163389942,1.597985557042158,-1.239389143894759,1.7354278676603299,1.6999188554784566
2014-04-30,-0.7444033695010623,-0.23747691943232477,-1.4748347180649366,-0.9634825490377644,1.754016197908483,-1.6936421728202644,1.894230994407559,1.7481042164951262,0.854351363926502,1.1882617763295085,-0.8368587161090169,1.5969274355547678,-1.3420038338984361,1.6640526963327158,1.638489039840184
2014-05-31,-0.9138370299994875,-0.39308210815086364,-1.564611756263964,-0.9320556090418386,1.7845100444334205,-1.8482732528253776,1.9814443914437199,1.7501644768801405,0.843363197598788,0.8493572975698448,-1.0734530536205793,1.627057170791958,-0.9495856711333338,1.598398787079954,1.582093111786519
2014-06-30,-0.8504629553990276,0.016158961706847573,-1.6982167492832467,-0.6677534510309784,1.781670621340775,1.7565096799767295,2.0241115644985688,1.8039759094290797,1.3663624133785393,0.8830714813098266,-1.179496488442652,1.6427958371233105,-1.1529756654439263,1.8313083320287014,1.8673289507684503
2014-07-31,-0.7877253205707035,0.3053894180836372,-1.3104161102502772,-0.8853063191821574,1.762614534045578,1.6929884733636111,2.0012416317165744,1.8024785131056469,1.3632607184900483,0.7456463083922179,-0.18351519636254215,1.6485560122370477,-0.5155680559476813,1.75920859400097,1.7994797057646228
2014-08-31,-0.996674433621542,0.13857464012745288,-1.4622929966226714,-0.8563273683958378,1.6572019368703108,1.6350123925139393,1.8097098876133164,1.7892534382144591,1.3711074853869532,0.8409950057714838,-0.93198983646465,1.5967889185306656,-1.2990786521565503,1.6935413045143073,1.7382801057833974
2014-09-30,-0.8168240891689893,0.6167864849620739,-0.9805129044636232,-0.8294837577024426,1.5746180751862602,1.418254009294497,1.846919175051406,1.818260051398131,1.6736972558593628,1.1855714628181502,-0.27508209182666776,1.5787541688842204,-1.1112959099820512,1.8522826248843673,1.9719060940436848
2014-10-31,-0.9672477424884323,0.30099883334641103,-1.0341374171193953,-0.8125587187982961,1.4841961261549377,1.366758554649627,1.745423441393711,1.8154266055254993,1.6361608385826387,1.6398370301149436,-0.491104897985325,1.6144203944314126,-0.1862574272271359,1.7833637013766537,1.8983890566145074
2014-11-30,-1.1142108763835534,0.17961425468831946,-0.6960389468392998,-0.7959685307035634,1.2858263970684198,1.3182450748840953,1.9134958217844191,1.8377257847518766,1.6046888247787565,2.038098413297566,-0.7827561387992837,1.596996199955804,-1.0652381798822106,1.7209629332353942,1.8327101862000947
2014-12-31,-1.105147248642847,1.258066300548435,-0.35738001566634103,-0.0649770229145769,1.012708313455006,-0.2137499186077924,1.7987958480265205,1.8468813610875432,1.355900962830432,2.7504773732307615,0.4807485811749098,1.6485844040968427,0.22149157121792976,1.7513791964365242,1.873865139896555
2015-01-31,-1.5503422993638405,0.2761793172696599,-0.1484031759924729,-0.3086408588442391,0.48921509225508614,-0.1946473024592361,1.346474706559252,1.8193523127605729,1.3169668546669728,3.0520720975613833,2.0530068467339078,1.6983684167287123,-0.4421958086580614,1.6927739848038286,1.805649469233832
2015-02-28,-1.2201422321505817,1.169912955645593,-0.8215342396919245,-0.30036763807574185,0.644680871122673,-0.17528982137347723,0.9930973679201439,1.8138285674845347,1.2808098256926639,2.309949559187415,-0.566624528351851,1.7878338286151854,-0.639881133568468,1.6396642119106903,1.7441540921625767
2015-03-31,-1.2565435789013617,0.9147341107842877,-0.488750274040135,-0.28193273909310357,0.8183145435908747,0.6573847008227446,0.7878185354096099,1.7400377641153573,0.6151884570621846,1.7744944808237444,0.37081178507963486,1.68889558697404,-0.36893765080059826,1.5947461072221838,1.8345243859791116
2015-04-30,-1.1312213924975527,1.18223926025711,-0.6740335116565063,-0.004222998604255752,0.8597224428000552,0.6404343243057018,0.48208952965307506,1.746726463722256,0.5900137301636832,2.028577278132584,0.07766453200606091,1.6551437045778072,-1.0519740036664609,1.5493330707845794,1.7703080084172849
2015-05-31,-1.046414762071286,1.442760045576686,-0.6568685516512582,0.030661771921101283,1.0995805754626888,0.6237332642049678,0.22176668972980393,1.779104519258481,0.5649216366929702,1.1912645731624438,-0.09578720371304686,1.616713763763226,-0.35624800436211995,1.5083588639228476,1.7123868557524808
2015-06-30,-0.8124273788552959,1.6349647849458504,-0.2569509983358603,0.32235678110463084,1.3084261848613576,0.057323041045155475,0.02806511217314664,1.7415596035175467,0.6836877803401206,1.8358450652287974,1.3339063581790307,1.6014845063247451,0.22531936723890622,1.5378117042628505,1.8643614973955336
2015-07-31,-0.94040484872172,1.7898523947265421,0.09065449918955351,0.3529125855141426,1.4259683097816924,0.0700522205144675,0.3109816670134125,1.7510852929948395,0.6578746562526712,1.3411793949042683,-0.8533826263122256,1.5941342108051597,-1.1440122099311534,1.4937313514870787,1.7953846262600133
2015-08-31,-0.9155984290505973,2.139468970379212,0.4309421322593618,0.6719351136172704,1.3736821358990194,0.08293768311674204,0.17412537735764314,1.7021746844829004,0.6323036615257432,1.1098807043929093,3.588139499744662,1.5889706693730907,0.2117161834731869,1.4536295236360781,1.7330440506811842
2015-09-30,-1.0420231964578721,1.4501695251160223,1.2814679545451986,0.7201607258357118,1.0916681741383178,-0.38530800064209286,-0.035940722123840946,1.6647345689201383,0.22030930532848772,0.40137949436156506,2.7219285288299178,1.608934684123985,-0.3384842355598905,1.4781733070941512,1.788621893107051
2015-10-31,-0.930779201637279,2.025129308871569,0.6099514396402927,0.17386504434906844,1.1366485471383978,-0.37204439459374916,-0.3733658578621767,1.6902964982780608,0.19944643269825624,0.7717394835539634,0.12973108762121144,1.6108986281800701,-0.8425456395860527,1.4362753341505954,1.7245054625723168
2015-11-30,-0.8678996702475326,2.8932713955859444,1.0710476302251772,0.2200436496430522,1.2100712130960027,-0.3588380122531007,-0.8691797251798125,1.685023946913175,0.17821846726278964,0.914113216259671,0.41659603853610183,1.6749413722707003,-0.5336771667947262,1.3979592907281175,1.666232898650675
2015-12-31,-0.7958250937721438,3.2232001872518508,1.5279110288773763,3.6940991366797884,1.050556044242261,-0.8235648873964972,-1.2162628179868544,1.693837308032965,-0.5369563685870454,1.0504300975509364,0.8559106614988771,1.693910910648094,-0.5602703531611456,1.308219829175417,1.640444552416134
2016-01-31,-1.0989952565732921,1.6388271851200007,2.145316440792624,5.032271995440353,0.956347547012187,-0.8066216517582289,-0.9511034544519646,1.6508401212777333,-0.5553041779739428,0.9174321106234569,1.5573513418229994,1.8125384352934943,0.2673086071504154,1.2737602650676068,1.5854304764561877
2016-02-29,-1.2736504158064308,1.712200383638112,2.014144352071478,4.664484777386129,0.754415854866266,-0.7900116940449586,-1.3097761605487979,1.6344350260010818,-0.5742389195398354,0.8241596663561794,1.7082446972267997,1.817918614248502,-0.3732388704541292,1.2420795476284274,1.5349290624305874
2016-03-31,-1.218232338976416,1.4836952415281741,1.3700161475781585,3.7068435250624137,1.0839475436012358,0.025162881505115847,-1.7587117305396294,1.642092644586182,-0.17555802481591393,0.6736616864744855,-0.44829336197705444,1.7888682122142365,-1.204888855891824,1.2235342711009078,1.5748449805838882
2016-04-30,-1.1561256744589175,1.6429326181644286,0.6483434065436068,3.399003862979217,1.5178132515883151,-0.00368775202900964,-1.526138663646009,1.6261598372795136,-0.22599773602589834,0.32007928416540643,0.10592665058017067,1.8060817666372184,-0.8954521127400779,1.197725900585786,1.5267593755271938
2016-05-31,-1.1346329837772848,2.0265272447134617,0.43570888829049126,3.060277215942056,1.7787086498405622,-0.03412775351401175,-1.6232550761315092,1.5566014202230745,-0.28408050401752044,1.1727094922315953,-0.5915625243013546,1.8040376302538852,-0.7760193044141526,1.175206997552036,1.4827830807958031
2016-06-30,-1.4743502165220215,0.6333737955001777,0.6224758434971548,2.8996068596179945,2.061652934675568,-0.5880812274679635,-1.2990819375861913,1.5693930911725151,0.21092330760654085,0.932586300849958,-0.18808690413977508,1.7914818762070102,0.7242701699328244,1.2598618676406,1.6179419725527195
2016-07-31,-1.4891128259499615,1.027872640746892,0.18942484117886874,2.769407519386808,1.9077065886511886,-0.5734233480850437,-1.2253670092634517,1.6308169808256852,0.17598494862244896,0.3617050614429671,-1.009054169962763,1.7719765110610413,1.3232776352931208,1.2352474779813771,1.566569281008512
2016-08-31,-1.3485103198076251,1.5774776133504649,-0.27501244631176963,2.6540552063805194,2.042436120483681,-0.5589397932713216,-1.2590666554770749,1.5993193455232868,0.13777343684086826,0.2997259567768686,-0.8040314933859708,1.7971834394135489,-0.8079939863395292,1.2144384017682315,1.5195801804722038
2016-09-30,-1.310649949909185,1.385562632394604,-0.35629536433731457,2.4687186750939976,2.2493305028339643,0.3209637832551611,-1.2631915431683125,1.6327576851456418,0.010143856311952755,0.47956093775864883,-0.4893874283965196,1.7834022901405107,-1.1383343207845904,1.3938343659663783,1.6509931614834499
2016-10-31,-1.045653393817806,1.7246120119797206,-0.38511540322570376,2.313694964477307,2.382170229802803,0.29713499575554453,-1.1814277510239013,1.5863958475514532,-0.04258810899022873,-0.2696371544887395,0.7316677138594715,1.782662904215337,0.8555590996804278,1.3599556921824674,1.6001867206434899
2016-11-30,-0.4727128006309931,2.6465505461746552,-0.5810124553840041,2.262078466495225,2.3396846182102644,0.27282629913884876,-1.3424290976499875,1.5504799216380931,-0.10639719034405577,0.9135908022696824,-0.5299362762931044,1.7843228233405617,-0.1784382834229837,1.3296427867818987,1.554093617046212
2016-12-31,-0.3733885183464742,2.7867838729534085,-0.9837344040668716,3.114422093182439,2.4145195460782327,-0.12031937216781227,-0.9061743592704337,1.5626923900308096,0.8095889642322295,1.6734746343767635,-0.5131219316528948,1.744512890707316,1.946444720277053,1.412930291391978,1.6998776335256642
2017-01-31,-0.35917099063515506,2.556127059323643,-1.1604801753195477,3.5332206976701075,2.5778883347643573,-0.09773431928846923,-1.0031617132002648,1.5740054482582981,0.8016337751960054,1.6390087194751748,-1.0601957128524113,1.7476314648070437,2.128558011951872,1.3767989490503523,1.64553288354359
2017-02-28,-0.44589107465155925,2.486015344589272,-1.3632106113986995,3.2177701881537635,2.4575402017834884,-0.07450929411444639,-1.1585821054589938,1.5875803704848335,0.8009709457126327,1.1547575263764895,-0.9860244155952733,1.7374982406494703,1.272170245848762,1.3441567525956966,1.596262086317828
2017-03-31,-0.38691689170002,2.482324456955286,-1.148991319892526,3.5701710136026277,2.1789075535123614,-0.18486710892614255,-0.7750273789576242,1.5621372022004487,2.587918739319187,1.2373261803089313,-1.1591769463760748,1.7215762600945168,3.5415644186252915,1.460168202624714,1.73204992977029
2017-04-30,-0.5006767275746545,2.3582514494568216,-1.2118573919594064,3.655722102622758,2.0908629910808263,-0.17098207152709236,-0.19983381139464973,1.5715351669923623,2.440908602617667,1.1953224610192972,-1.4078883567226514,1.7001422089525757,3.028356498518792,1.4194992219277975,1.673594177135757
2017-05-31,-0.5838558638802327,2.2218172648138013,-1.2462789489983783,3.2880035162044434,1.8550346158007902,-0.15702644761020526,-0.12075642477356756,1.5823776436959371,2.3130391545677456,1.1753036111121649,-1.4948215304260748,1.6745117579783566,1.6911623296647094,1.3823405191159508,1.6204477676376752
2017-06-30,-0.45103964895947896,2.378294475863024,-1.1791713305103377,3.434198366894437,1.7672570653729491,0.026188957377655763,0.03376624627300953,1.5899368759109807,1.8509926392066243,0.6737675183677604,-1.173224839207423,1.6108953134387871,0.49935820423582,1.5195039965954797,1.7229659865846951
2017-07-31,-0.45075867384121876,2.1350312143352768,-1.28994338311037,3.429615613364558,1.6660010778093173,0.020966087240724282,-0.07021741924661155,1.5923758439308378,1.7666264860990657,0.2455918496739065,-1.4342631403230248,1.600947167252855,-0.1372821987849667,1.4734216455199265,1.6656361551260754
2017-08-31,-0.6716668586400887,2.003375635750938,-1.0218771075728834,3.1117902678705036,1.829809832498985,0.015736220670174886,-0.30177920875238384,1.5794439687125335,1.6897714004385092,1.1110507311528337,-1.267261465211941,1.597072434188698,-0.9293485685716761,1.431047885531524,1.6135423872130825
2017-09-30,-0.38148306010420174,2.2748034036324003,-1.2583651287559663,2.8100447092737104,2.037093748555825,0.5588479967476526,-0.18355774735185212,1.542831407284413,2.1130022266766537,0.5981528422247129,-1.4913158301341907,1.5805976414573935,-0.8998246489115884,1.5505854640926142,1.8098692148563404
2017-10-31,-0.2982646245963133,2.465592539960755,-1.2608956548962769,2.595288177155798,1.9205323573348572,0.5355695990385768,0.6887896332814646,1.5332257788291546,2.0021472873810615,2.147883882062272,-1.2631854661691617,1.579735132529977,-0.7505838420124885,1.5101803857628535,1.7482516282484988
2017-11-30,-0.2282244588395033,2.725705584154863,-1.1263517570038784,2.443151871412502,1.938779044797105,0.5123595180503703,0.9893957843826571,1.5580272202341674,1.9034254073722303,1.409545395811851,-0.8637020729061973,1.5447322221983468,0.2784303298538001,1.4741593985229162,1.6926875005947863
2017-12-31,-0.24148276976005947,2.7697531390621064,-1.0719864379554922,2.6308809640241804,1.92220181586519,1.3662249451344342,1.3331051349839733,1.5494706288019509,-0.4307248522627275,0.6096609741684461,-1.003823913424515,1.547554820325444,1.7289579668337118,1.8392064553552605,1.9692680131769498
2018-01-31,0.23229403411974575,3.0547192049247913,-1.3454065635719477,2.6968096841614666,2.047850633896968,1.3207170320653825,1.4464746311208492,1.5373822639327515,-0.4348484531374991,0.5809757747860831,-0.04771480297522388,1.4813033751830638,-0.35212530306283973,1.7859422349212912,1.8976936293359445
2018-02-28,0.4616576934064797,3.0005116024130354,-1.1423387304623653,2.5240220650667573,2.05568966215111,1.277816142577546,1.7016953878563879,1.6379234294470602,-0.43899347973961256,1.6880255350847804,0.8706172470085154,1.454260855677391,-0.8409003215325508,1.7393565604667955,1.8339053015731843
2018-03-31,0.28200932163821346,2.79681470863426,-0.8893037219739426,2.542112660497403,1.9186977987337486,0.4528761806288954,2.059672737276732,1.6601663947076033,0.982930548559401,1.9902013957207125,1.6198853496260144,1.4618286651340686,-0.4079819731523152,2.165637035957045,2.040134203416574
2018-04-30,0.6090780213832185,2.945148306000395,-1.0984814473525981,2.7167197983607196,1.9290826807867674,0.4628316036479817,2.7250615870019033,1.6430250181135186,0.9508291758374369,1.2316898345195022,0.41228930420331983,1.4168880539450934,-0.05407314979843962,2.0851442758121173,1.959157638180426
2018-05-31,0.45491760154232924,2.58098563863857,-0.9232605957772474,2.538623922345547,1.910464184418835,0.47293358924703555,1.841802361887922,1.7014950072999866,0.9196996114537302,0.961748384227112,-0.06821920712718778,1.4319851993486703,-0.23869233017178831,2.0149927118544695,1.88696445115383
2018-06-30,0.5101350840085849,2.585351629173652,-0.8259975924501676,2.577809567395017,1.819754374319812,-0.3230241697947315,2.2370221531711336,1.7115663662634584,1.7458743392014382,0.9883100605801876,0.2175885270405288,1.4560005462542682,0.523831563535735,2.143095466777042,2.0475093008923304
2018-07-31,0.7089746510946326,2.6231204456455948,-1.0213321272558318,2.551337533942956,1.7336181369997357,-0.3364446571298954,2.1423281994455103,1.6495493243779134,1.6736443223708428,0.8652954521542382,-0.547984874226278,1.4439265505912688,0.015341497285053315,2.070369021070821,1.968230445970063
2018-08-31,0.5729492721085779,2.380501687578068,-0.9682806148222208,2.3835369849209167,1.7080993499549033,-0.3501286019178224,2.3394203730944505,1.682730311364142,1.607257282407415,0.388663278131647,-0.6084242348698837,1.459666878524985,0.6350707513876439,2.007710965699992,1.8977670427387843
2018-09-30,0.9059314559888484,2.4832544147132154,-1.1181050780833168,2.300652502733061,1.703154860411698,-0.07245844976892374,2.14911143478723,1.6352297416334325,1.0187886176826306,1.370692413165737,-0.5431882726925169,1.4561084147377574,-0.14970254659079218,2.0461112338599072,2.01856924587328
2018-10-31,1.1057165375389593,2.4038872436300425,-0.647643127069428,2.5126310392880344,1.7109640671954733,-0.06149779795049859,1.8867212852450004,1.629772780999403,0.9860225028980022,0.9103845362385924,2.3711873880130034,1.4202761551844063,-0.2694241755918161,1.9780703177911154,1.9388307393883484
2018-11-30,0.8686999515466199,2.1809546190064246,-0.23244082208906844,2.3650825728851066,1.5743951288586722,-0.050477081335957824,1.7805486478645824,1.5901440603645374,0.9543300969468081,0.5643326479830756,1.6183984839029215,1.3987552718486413,0.8859938623506757,1.9188158978619294,1.867597848200112
2018-12-31,0.32572180212586643,1.684302706056584,0.647655736039722,2.3169484115284225,1.522113809813607,-1.2824783575719114,1.6681352209567681,1.5984147966625493,0.9460974511559884,0.7466409091177824,2.884723987929599,1.5505773522831159,1.1014679744843137,2.007860531910213,1.8985763602773447
2019-01-31,0.22871451349458863,1.5812456672298527,-0.18449514449502882,2.3480737915679892,1.4069544894938288,-1.2381630442008056,1.2575930586760848,1.6341141659706058,0.9205965689652308,-1.2446585191147492,0.6683046838913572,1.5907330438984222,0.5933383931088172,1.9349890018856066,1.8258806334613151
2019-02-28,0.40190470103468234,1.6061022789706956,-0.5758279031839744,2.211136254638716,1.4940137075945779,-1.1960225773985267,0.9482561217450345,1.5562077944012687,0.8958139938247668,-0.539006124625073,0.18004128148467866,1.5809763599183955,0.5398895250663592,1.870365582008348,1.7602413575033644
2019-03-31,-0.1331921896781192,1.2441731062555286,-0.46845827974303605,2.1034047401239264,1.6121724371176374,0.0034599966237489,0.9026610630322824,1.587121670844326,1.1743529979218272,0.7250446226907493,0.07169631849745897,1.591943786225539,0.6916849741254729,1.920176637293186,1.8648013611912622
2019-04-30,0.04478100664282054,1.2025909035175226,-0.7466039824271921,2.007867077231808,1.7136839307021472,-0.04439152939955468,0.5907398789215748,1.6468106045387894,1.1351504872647626,0.3305209325848186,-0.25222427961041244,1.572805643695696,-0.5801348860794472,1.8511571805393519,1.7994363248345873
2019-05-31,-0.569661098235098,0.7704736539408071,-0.01352818286444924,1.8765910170836626,1.6328468026747573,-0.10018219161524677,0.6182052653536858,1.5811600769767924,1.0976058319993773,1.1297404754114466,1.5172824992362661,1.677777105507845,-0.20658942286802234,1.789355769280529,1.7406823491920067
2019-06-30,-0.7967119040173314,0.49288239598498723,-0.47793870907638464,1.7811143916455223,1.5296465434533655,0.6711277398269467,0.6383676127895821,1.6095651623650205,1.2161881412877544,0.5475559699641895,0.4618619515132729,1.8100108495690703,0.21789908618711837,2.043434309394462,1.9174284600538116
2019-07-31,-0.7494248352138971,0.6477611401288992,-0.5986751580695595,1.7280978794522661,1.571371261023783,0.7267797877959833,0.3267648877126195,1.574672178226334,1.182666260407014,0.5676486170043856,0.4683892633985791,1.8637522397621007,-0.020895554622746358,1.9534938400341684,1.8431053099042807
2019-08-31,-1.6346233643435812,0.1229931283280414,-0.4285426424443916,1.3543043144884535,1.5413533851917902,0.7894948185412449,0.687446004082936,1.6096473974849925,1.150513777514404,-2.2043389512062945,1.1736603045694984,1.904454799106487,0.6323547631766351,1.8728585722940787,1.7760711485475185
2019-09-30,-1.29874898606201,0.2727789519512123,-0.5186294208163068,1.2051551723721665,1.5442579413198592,2.076766211872071,0.47460181479448993,1.6192214418881006,1.4154825633642716,-1.1574545952350064,0.5795461494593876,1.9627091426104701,0.10084203301786841,1.9506911121229313,1.965680666161438
2019-10-31,-1.263827752259961,0.10637958083765586,-0.4020846871291441,0.9240468978443052,1.611248266971654,2.093927549531581,-0.05067324110029698,1.5834705064791335,1.3835915467961655,-0.5578439420827364,-0.1713480730419173,2.0693028809416374,0.5416888770948767,1.863712404146874,1.8832163131697872
2019-11-30,-1.0873046640226285,0.20430407879169898,-0.5054467946635303,0.5658357486332893,1.67314561748767,2.111442499718612,0.2217115931343694,1.6071934166154354,1.353000877227884,-0.08340246688738429,-0.19364902310456109,2.106861862523354,-1.5257414108172598,1.7850642850241594,1.8088663519269155
2019-12-31,-0.8314674061047027,0.14440114201657062,-0.8476413187369316,0.5420571628645701,1.73119065796728,0.24731689420524522,0.049926476950059584,1.589737508914577,1.624608583402339,0.8974246935941881,-0.17420036611677975,2.073940748483294,-0.06051929960290235,1.640538793028282,1.9065193353147485
2020-01-31,-1.5666559237485747,-0.2215321558028895,-0.45610525624000076,0.5182634912327811,1.7265498135383812,0.2353356224867755,-0.3962480396317269,1.6259038738359315,1.5675173640297195,1.0685335542058443,1.1602369242310373,2.035351683483328,0.32285078318209703,1.5778269894885601,1.8297795407339565
2020-02-29,-2.2342246004239916,-0.8867361770597052,0.43219148747990277,0.5309311665813766,1.6504512487368435,0.22335062772793896,-0.2543429192929731,1.6696716827252165,1.5141959713850823,1.4435675470297271,4.325320058296521,1.970263568990502,2.3683674602911933,1.5197606364653165,1.7603239438879281
2020-03-31,-2.967170124870103,-1.7409829883022252,3.2583498153186916,-0.6418726782664308,1.3344239373715294,-5.210368447372451,-2.9460901563334367,0.8804704607000698,0.38901585875214717,-2.669174010149218,3.9209960813423614,2.5469382891451446,4.887042023144539,1.1860035312488109,1.5549802531362906
2020-04-30,-2.996340388778208,-1.7502623352059063,2.220608033090405,-1.3907891181209662,0.8499952984179076,-4.2602367097384235,-5.21646320712082,-5.113956155856988,0.37071116823043154,-4.769821548031101,1.5600049458167962,3.3546570048194106,3.282794642771844,1.1481083863753676,1.502804566859662
2020-05-31,-2.8756776078816686,-1.767391626783527,1.3537362798797472,-1.3865559132687144,0.7578708537692813,-3.6762676488510473,-3.658770395358449,-3.4693605663908604,0.3523938511546788,-3.58273819450201,0.947998230587233,3.5212623896627484,3.5149569760243344,1.1119396071536913,1.454471259415505
2020-06-30,-2.7501092043332824,-1.7295914391577634,1.2453875681990176,-1.346128231433399,1.0048220514863875,-6.7798426258173645,-2.0866097050727292,-2.203800231377606,-1.023586990890326,-2.389272303016145,0.9654473111575148,3.1623196166642584,1.2349967832429039,-0.2534047356415614,-0.02963478344669601
2020-07-31,-2.8240745947725596,-1.7524787131176247,0.312344837882952,-1.3313370344541189,1.2819895284855476,-5.016199685519595,-1.2729025459669778,-1.7483069064532328,-1.0116891218243038,-2.7348036174569645,0.3487538604179997,2.830292303565223,1.8251238186094036,-0.27480268105936767,-0.05374881914174532
2020-08-31,-2.449781919784009,-1.6715249092554507,0.21904688194165287,-1.3165948885257486,1.4737239196132643,-4.1393439564336125,-1.0308274874002374,-1.3650695285611465,-0.9999881225718383,-2.2674460893313086,0.37579203214732276,2.5362532357840917,0.1267336371016219,-0.29698382278170427,-0.07881003152773658
2020-09-30,-2.4148433591246663,-1.6489548067492195,0.5280469350571296,-1.3261993638272103,1.580272498259764,4.112863786512073,-1.0013459821318211,-1.1311645263212657,4.4665974898582,-1.4530851089429457,0.9788251516321246,2.407611582451023,0.3983420398243979,0.36420496102311034,1.3755564174508246
2020-10-31,-2.0530914611663,-1.5977905930611997,0.470513379944347,-1.3244825094019326,1.59894128895899,3.5727175865555227,-0.8306882014688389,-0.9617936523138467,3.820028935538295,-1.2236254583803983,2.048113271240036,2.2586244397782025,0.2008084139966071,0.34082910123325294,1.3326100908390237
2020-11-30,-2.061049410636375,-1.5299419718840606,-0.2487764172358102,-1.3227699081800375,1.6821858976991304,3.1900468258605024,-0.7099071023715945,-0.8768871655392328,3.3797166158572827,-1.6348665744447677,0.09479996489147748,2.1739597539964874,-0.05330126326708143,0.3171009249365409,1.2923813374644375
2020-12-31,-1.8866153346219425,-1.5189877273805634,-0.580403673187653,-1.314576880164984,1.8903629023397701,0.22229530961845,-0.42687693315347675,-0.875180685759191,2.4546981476576493,-1.167433022327113,-0.010726620893200858,2.0638018141620402,1.1090460845126326,0.7775226047891269,1.5705461260821971
2021-01-31,-1.5866489524378504,-1.5073224207668,-0.5742703021176185,-1.3015483922014208,1.9282556360471612,0.2159041624086386,-0.2832870166836367,-0.7771166330670196,2.3231212122531217,-1.26739579942091,0.9762818093616634,2.0050108778347258,0.23651595979871207,0.7509003345389088,1.5209756861202877
2021-02-28,-1.0582559503574154,-1.4394628255197646,-0.7827799658101875,-1.2985834219970216,2.030550418895709,0.20952396994313793,-0.9303520668667922,-0.6572391963846829,2.2090625639564356,-1.3986452357626713,0.6579235661544903,1.9568409386912313,0.16532033596570794,0.7247819943102335,1.4754233025571108
2021-03-31,-0.5706328502158688,-1.388411546108568,-0.9466558377793876,-1.2961251800782334,2.188882332561161,0.3111775575259297,-0.3503935561167478,-0.4867631177101304,3.2541668536347887,-0.5540604764198283,-0.25353281577345343,1.9079484677987693,-0.3251740725493457,1.112911718108377,1.9157960117055424
2021-04-30,-0.70381652426104,-1.36014731642926,-0.9892768852423292,-1.2813085146225542,2.3994480133369223,0.30540229556853776,-0.2944512972934324,-0.40139029030815104,2.967938142599241,-0.18439633965168625,-0.4617453450984694,1.9105440357962458,-0.419134034984196,1.083525724456991,1.8459944508132065
2021-05-31,-0.8049283438480878,-1.3509149820882191,-0.9049739177407004,-1.2782335900038557,2.531064926192234,0.2996457549256621,-0.09751332304230362,-0.30720633692107663,2.740119252744793,-0.6923968032569405,-0.6383713319495222,1.8795751661391868,-0.8360822719518517,1.0560749380986152,1.7833693338522931
2021-06-30,-1.0060989567467136,-1.2136183555285913,-1.1519248614457964,-1.2402603896836288,2.687767257494237,0.4165037539070162,0.020485703649322562,-0.14857936265673363,3.5771163960776096,-0.3949762625004464,-0.8694981959132851,1.7609124137665546,-0.3594454296724293,1.4992804164469868,2.299435479782084
2021-07-31,-1.3338027047374168,-1.2600467003891085,-0.8592131938902626,-1.2034402369254915,2.6077443496753023,0.40674478228372934,0.12969044781378106,0.030742839965458433,3.201669683030183,-0.791140128408881,-0.5847265604387359,1.7025035676971019,-0.5085292926041013,1.4604536393499679,2.191405205455578
2021-08-31,-1.2136745153324657,-1.2254997081044654,-0.9323530335043098,-1.2014995423952437,2.4625798671851187,0.39704538836564224,0.150174814264561,0.12944360202027938,2.9157459581984972,-1.7684298297363625,-0.8485823622724759,1.661337025416417,-0.10504580970577967,1.425651740568797,2.0967000473084485
2021-09-30,-0.8409320998322152,-1.1204469611715044,-0.957373852963782,-1.1991974884382754,2.395641675078703,0.03721244915314105,-0.04653130081375147,0.22298437196627705,2.6555346210148856,-1.431293938889715,-0.45261331672558885,1.619095637194497,-0.3206687987186747,1.3080317051533263,2.404831424379037
2021-10-31,-0.7809403358751192,-0.8925480479393437,-0.9267297255045385,-1.1854290138127268,2.504856926293495,0.03656485562517732,0.278820818212426,0.3846936702866096,2.4741843920289703,-1.4459740793270515,,1.5800148688148539,-0.6993280715869012,1.275111445957249,2.2816253529658153
2021-11-30,-0.9661470151511025,-0.8340904797928849,-0.42115601378974776,-1.1715505547079255,2.5289727163369973,0.03591729229400787,0.5074663573634943,0.5035632779407362,2.320751033015916,-1.7290897152080102,,1.54989690279215,-0.5312426840828335,1.245134002596697,2.1744060770479927
2021-12-31,-0.8110833208877252,-0.5987011340241294,-0.934166218962317,-1.1534128977256841,2.4925566151447582,0.38684120846367126,0.5166461121039913,0.6087754613709786,2.1298262770127145,-1.347212138838053,,1.515243643227379,-0.4031220851173531,1.3782037491406764,2.6148223358886984
2022-01-31,-0.36798545520034287,-0.11742143700814237,-0.4315468087629996,-1.1323262453941163,2.4276808232095504,0.37863644893289516,0.5408863424962365,0.6502589495128368,2.0178311601300427,-1.5518865621306814,,1.4708725311812028,0.02113522149797016,1.3457820916691405,2.4589101364203425
2022-02-28,-0.3002855854155351,0.156595728720238,-0.30119309643756437,-1.1115443820546598,2.385740757976168,0.37047415890211033,0.6979137922183493,0.8024194653442228,1.9182284555273337,-1.799513790697229,,1.4251821584915767,-0.13676497895658488,1.316965015357422,2.325663506126372
2022-03-31,0.5008020122950795,1.0270294002859381,-0.6095983681817718,-0.9589538097408183,2.4192771604012737,-0.3980251732774394,0.8935992059697521,0.8790929042417306,1.7669363739988064,-1.9354810154157023,,1.362791854167903,-0.8297460817733405,1.9375415555465718,2.460666466384412
2022-04-30,1.4091576122937886,1.4214059917162454,-0.10879596914058526,-0.7992773353912969,2.277171269138938,-0.39271144526296764,0.9397973710913392,0.9248447115142268,1.689669465346526,-1.366519785575893,,1.304339112400582,0.7795137918862551,1.8782584449903488,2.323271822865138
2022-05-31,1.3200976388000139,1.207403954620974,0.11696957348332244,-0.30873202191185256,2.2835027320942607,-0.3874204965628462,0.9479922079285391,0.9566572019259431,1.6188049803479574,-1.8119224571699843,,1.2185257117803907,-0.9447717149749045,1.8266004131196731,2.204246080935423
2022-06-30,1.5000631401437794,1.5487002928380198,1.5896880308578814,0.1755540624830463,2.349925263180863,-0.23039679941501473,0.9112855480662867,1.024730109906032,2.0781391840082426,-2.27700856703874,,1.1427175712644824,-0.24885402581431404,2.156719897875548,2.4248820388473207
2022-07-31,0.9870880456799161,1.4646988304651538,0.6202810672642721,0.6836407620687979,2.1231289610692006,-0.22757442814584114,0.9520216992506394,1.1268205510823959,1.9709260833547004,-2.0012728175166643,,1.0902719624236674,-0.5824184127926841,2.0774780084989923,2.2907715365622456
2022-08-31,1.716501757788329,1.9188094352755534,0.781143652648177,1.357299955871362,1.963290570468664,-0.22475609749484463,0.9748722118652644,1.1463961148111388,1.875173996247427,-1.3994420198077808,,1.028241142975543,-0.5164537072598692,2.0084463415192966,2.174237606990308
2022-09-30,2.6839054314597273,2.4696705267031573,1.1071033684575764,1.5485447501465683,1.8965122183809902,-0.002887674624937639,1.044666229476707,1.1633024796227547,1.5675907535256492,-1.2939019140246553,,0.9481597348722105,0.017613539865034968,2.265619828657591,2.3019846444209957
2022-10-31,2.956622673382714,2.534941786503041,0.3705356873865861,1.9950240710154525,1.8555308016743517,-0.0024064094084742765,1.0028442803960627,1.2059279782759598,1.5059297823171534,-1.1376794792558487,,0.8650518630893559,-0.25492234906784494,2.1736901484555986,2.1807325410698466
2022-11-30,2.2632739493791423,2.2787157720373385,0.2847277439416587,2.5183555934145727,1.7669183049013124,-0.001925139090613764,0.9154631784535868,1.2289305026919402,1.4484817333638726,-1.3164611022322705,,0.7969893412555009,-0.8749188420168396,2.093722427091566,2.07425350879747
2022-12-31,2.464896646904337,2.175624230684205,0.5022849184753676,2.614273298527459,1.6515765263156041,-0.008665073387320834,0.6278295551435853,1.2229510817465208,1.0615863624706852,-1.0380834711728808,,0.6929159573439425,-0.2709844999824961,2.3731732276248914,2.1745553014202352
2023-01-31,1.9076825986474406,1.9303473601263839,0.025804348392094407,2.6113996746708614,1.6415707901165533,-0.00577806383065501,0.8219010416267775,1.2666998913797232,1.0273439803601228,-0.5899286664505554,,0.6539135930677866,-0.3201410701752743,2.2517191690544873,2.0650717327431076
2023-02-28,2.3834787209499093,2.250488265475373,-0.05870785266727271,2.604876458765563,1.5953031899647963,-0.0028897310466193494,0.8225159932734387,1.2861083312602288,0.9943369394702335,-0.3716771637689783,,0.6152427248549824,-0.8780707463720687,2.145718941352531,1.967891033606806
2023-03-31,1.7448295596114678,1.6488893982513333,0.2579974142334066,2.4839423512269247,1.507633310755741,0.007384995207777284,0.7873971582211351,1.2573664438272893,1.5016084898533333,-0.7968613444869742,,0.3700982667938938,-0.3501393290483207,2.443971216134559,2.069473846587075
2023-04-30,1.6550145105710405,1.5850574118217664,0.19676622389850404,2.4454412890581336,1.4934562476954927,0.00802731009685826,0.9065080869841233,1.2966003089361249,1.4462627512886037,-0.6031307337610623,,0.20574538042291834,0.36362214716590413,2.297525070320331,1.969761157989173
2023-05-31,1.8761167429224839,1.765305666479283,0.328669537308677,2.436379553141959,1.4401802630444622,0.00866965125295346,0.9051756765147451,1.3345331615781488,1.3944607186837805,-1.0153138917499953,,0.21162730616882347,1.4115603826958516,2.1707986819581193,1.8804726475898914
2023-06-30,2.0488595320008014,1.9892606331798728,-0.2680307885557179,2.301223258682284,1.4102388717168264,-0.03050531364583479,0.6910872570169039,1.3403016813175925,1.4018554632977733,-0.47582317725719364,,0.1411144004189354,-0.9637209239924445,2.529579873088205,1.9248707753623449
2023-07-31,2.196211350160762,1.9135059531360985,-0.5154740029842805,2.196169732452405,1.3674804477952716,-0.031148549841774672,0.9167381102759525,1.3198330638270803,1.3517369334424518,0.2416416776629145,,0.07221623617611796,-1.2737236240549203,2.367363638422792,1.8386018838667013
2023-08-31,2.2863354371262194,1.8203035682578146,-0.4670038114240328,2.195019544832889,1.3875041716692138,-0.03179184149947841,0.8865184054837606,1.2952798700572004,1.3044819842810813,0.04888487449114316,,-0.0216923774267028,0.2531636538070552,2.228372406002491,1.7604278643283688
2023-09-30,2.790750167515281,1.8560751930862371,-0.31336076449448963,2.079824193209249,1.3912568217115588,0.17657541412136118,0.9418881138081411,1.2701778296155752,1.4905076386379146,-0.0754336584553355,,-0.12693564433287108,-0.6527807619460624,2.1759980357168494,1.897451957879249
2023-10-31,2.995732511523953,1.8097578107983516,0.0434577830153085,1.9805633066702613,1.341467168287087,0.17300112497591832,0.579852135514159,1.2517931869647292,1.4373446889765225,-0.4364144162584999,,-0.2563422375653132,-1.7815590623042814,2.059923798566173,1.813553140432066
2023-11-30,2.339986321705179,1.5615070361709777,-0.49443170859102326,1.891449663553125,1.3069898762375391,0.16943075982365677,0.6870628253979149,1.2281620644336233,1.3875938524972242,-0.6523745952433576,,-0.3408540184454064,0.028829829065451444,1.9570730819917013,1.7373589729159769
2023-12-31,1.7624346977335676,1.2420609100880233,-0.887036283728877,1.8114789912395788,1.2897870081499243,0.03980742656475549,0.5174463197244457,1.241099000515411,1.464881261756379,0.2529645065098037,,-0.4461907630411273,1.4638714203734098,2.0703891415629574,1.795256464410569
