,DGS10_z,DGS2_z,FEDFUNDS_z,CPIAUCSL_z,UNRATE_z,BAMLH0A0HYM2_z,A191RL1Q225SBEA_z,INDPRO_z,PAYEMS_z,CP_z,UMCSENT_z,VIXCLS_z,M2SL_z,USEPUINDXD_z,PNFIC1_z,YC_raw,YC_z,CPI_YoY,CPI_YoY_z,RFF_raw,RFF_z
2000-01-31,,,,,,,,,,,,,,,,0.0699999999999994,,,,,
2000-02-29,,,,,,,,,,,,,,,,-0.11000000000000032,,,,,
2000-03-31,,,,,,,,,,,,,,,,-0.46999999999999975,,,,,
2000-04-30,,,,,,,,,,,,,,,,-0.4499999999999993,,,,,
2000-05-31,,,,,,,,,,,,,,,,-0.40000000000000036,,,,,
2000-06-30,,,,,,,,,,,,,,,,-0.34999999999999964,,,,,
2000-07-31,,,,,,,,,,,,,,,,-0.2599999999999998,,,,,
2000-08-31,,,,,,,,,,,,,,,,-0.4499999999999993,,,,,
2000-09-30,,,,,,,,,,,,,,,,-0.1800000000000006,,,,,
2000-10-31,,,,,,,,,,,,,,,,-0.17000000000000082,,,,,
2000-11-30,,,,,,,,,,,,,,,,-0.1299999999999999,,,,,
2000-12-31,,,,,,,,,,,,,,,,0.009999999999999787,,,,,
2001-01-31,,,,,,,,,,,,,,,,0.5700000000000003,,2.5,,2.258795038393406,
2001-02-28,,,,,,,,,,,,,,,,0.5099999999999998,,2.5,,1.9605882352941082,
2001-03-31,,,,,,,,,,,,,,,,0.75,,2.5,,2.3275438596491353,
2001-04-30,,,,,,,,,,,,,,,,1.0499999999999998,,2.5,,1.5817437097717946,
2001-05-31,,,,,,,,,,,,,,,,1.21,,2.5,,0.6469158878504606,
2001-06-30,,,,,,,,,,,,,,,,1.17,,2.5,,0.7760394889663114,
2001-07-31,,,,,,,,,,,,,,,,1.2800000000000002,,2.5,,1.0485176606832503,
2001-08-31,,,,,,,,,,,,,,,,1.2099999999999995,,2.5,,0.9285176606832501,
2001-09-30,,,,,,,,,,,,,,,,1.7399999999999998,,2.5,,0.4778341013824954,
2001-10-31,,,,,,,,,,,,,,,,1.8599999999999999,,2.127659574468077,,0.36234042553192314,
2001-11-30,,,,,,,,,,,,,,,,1.9400000000000004,,1.894374282433997,,0.19562571756600278,
2001-12-31,,,,,,,,,,,,,,,,2.0000000000000004,,1.603665521191311,,0.21633447880868917,
2002-01-31,,,,,,,,,,,,,,,,1.9100000000000001,,1.1958997722095743,,0.5341002277904257,
2002-02-28,,,,,,,,,,,,,,,,1.8199999999999998,,1.1363636363636465,,0.6036363636363535,
2002-03-31,,,,,,,,,,,,,,,,1.6999999999999997,,1.3628620102214661,,0.36713798977853385,
2002-04-30,,,,,,,,,,,,,,,,1.87,,1.643990929705219,,0.1060090702947809,
2002-05-31,,,,,,,,,,,,,,,,1.8599999999999999,,1.2408347433727984,,0.5091652566272016,
2002-06-30,,,,,,,,,,,,,,,,1.9600000000000004,,1.0692177827799743,,0.6807822172200257,
2002-07-31,,,,,,,,,,,,,,,,2.28,,1.465614430665152,,0.264385569334848,
2002-08-31,,,,,,,,,,,,,,,,1.9999999999999996,,1.747463359639223,,-0.007463359639223066,
2002-09-30,,,,,,,,,,,,,,,,1.91,,1.516002245929271,,0.23399775407072898,
2002-10-31,,,,,,,,,,,,,,,,2.25,,2.0270270270270174,,-0.2770270270270174,
2002-11-30,,,,,,,,,,,,,,,,2.1399999999999997,,2.2535211267605604,,-0.9135211267605603,
2002-12-31,,,,,,,,-0.20510990471332743,-1.3572932991844835,,-0.9120415491382612,0.6955858952465509,1.6440019420244587,1.2277946143614227,,2.2199999999999998,,2.4802705749718212,,-1.2402705749718212,
2003-01-31,,,,,,,,0.26863271202678896,-1.1933429673678912,,-1.2996183589161097,1.1475588949567115,1.636184187851061,0.12606231161241485,,2.2800000000000002,,2.5,,-1.5174563871693991,
2003-02-28,,,,,,,,0.34982740998978507,-1.3014501659580313,,-1.4935468666886929,0.8058405214345989,1.6392534653422344,1.0962631376690897,,2.1799999999999997,,2.5,,-1.8860674157303359,
2003-03-31,,,,,,,,0.21326765302750364,-1.4522755478872,,-1.6368375618678555,0.681352508552641,1.6016007488357502,0.6068686017679333,,2.3200000000000003,,2.5,,-1.775210084033625,
2003-04-30,,,,,,,,-0.11337452218322588,-1.4290094911092905,,-0.6992547064152297,-0.8182139007686943,1.6068814655465367,0.19024346080323856,,2.38,,2.175125488008911,,-0.915125488008911,
2003-05-31,,,,,,,,-0.09080757140595912,-1.3187253139227284,,0.03647703908601086,-1.11035180283108,1.6725929857290127,-0.6756796126602157,,2.04,,1.8941504178273005,,-0.6341504178273005,
2003-06-30,,,,,,,,0.03856012866971423,-1.2535710219502345,,-0.20150402642644483,-1.1007064988006265,1.675961961801351,-0.8213114941032974,,2.2199999999999998,,1.948775055679297,,-0.7287750556792971,
2003-07-31,,,,,,,,0.4221575664468408,-1.1842748425536416,,0.007372033703382868,-1.0926048581695436,1.7055754295327736,-0.08567977687038843,,2.5,,2.055555555555544,,-1.0455555555555438,
2003-08-31,,,,,,,,0.32850810807324266,-1.1499538285425575,,-0.1494117075799423,-1.2802518834405328,1.7594620667947607,-0.49699783818595455,,2.5,,2.216066481994461,,-1.1860664819944609,
2003-09-30,,,,,,,,0.855883272494345,-0.9884839671186635,,-0.32997730032811484,-0.5206306429193001,1.5974970303492941,-0.6704561495205402,,2.46,,2.378318584070782,,-1.368318584070782,
2003-10-31,,,,,,,,1.0190065331155564,-0.7441996394142463,,0.04077530633912974,-1.6754774863388786,1.4970577052508862,-0.8384948470993445,,2.48,,2.041942604856528,,-1.0319426048565281,
2003-11-30,,,,,,,,1.5881224418170894,-0.6569550433395915,,0.9557385249086423,-1.5273269683694037,1.4474404409809358,-0.16669285970367217,,2.28,,1.9283746556473913,,-0.9283746556473913,
2003-12-31,,,,,,,,1.6441132832757814,-0.4943104143654137,,0.8025289372395714,-1.1106000441108357,1.3823286127375822,-0.8574223338352511,,2.4299999999999997,,2.0352035203520247,,-1.0552035203520247,
2004-01-31,,,,,,,,1.7369027489460565,-0.2507668707823558,,2.5,-1.346544885733723,1.3476638081102599,-1.5223798657290175,,2.3200000000000003,,2.026286966046009,,-1.0262869660460092,
2004-02-29,,,,,,,,2.065525736578669,-0.11250657668188895,,0.9818834404312407,-1.5862961748521724,1.4041983296800782,-0.7751139878771701,,2.33,,1.688453159041381,,-0.6784531590413809,
2004-03-31,,,,,,,,1.6766399387395563,0.4154530964739624,,1.199759169070254,-1.1540043792153845,1.4468430901255616,-0.40510564069304217,,2.26,,1.7400761283306032,,-0.7400761283306032,
2004-04-30,,,,,,,,1.8150828877989613,0.9327161621702695,,0.86563252396442,-1.0271450973364382,1.4980660209282315,-1.1323449510457007,,2.22,,2.2925764192139875,,-1.2925764192139875,
2004-05-31,,,,,,,,2.102464898409676,1.5224156002149287,,0.14536389036508485,-1.240076197220689,1.6542612421318788,-1.375714541784787,,2.12,,2.5,,-1.8977583378895444,
2004-06-30,,,,,,,,1.5036835066590752,1.8114175146499711,,1.1035461257557384,-1.3727914426062462,1.5835087802949885,-0.13523113048376076,,1.92,,2.5,,-2.137667941015839,
2004-07-31,,,,,,,,1.8090817643869892,2.0093361021837834,,1.2557018222571452,-1.1706522883437942,1.5523577994120663,-0.6957540689270961,,1.8199999999999998,,2.5,,-1.679575394665228,
2004-08-31,,,,,,,,1.7266136489633688,2.1993120293660966,,1.0754549520387153,-1.1150174928204895,1.5652930370138478,-1.3251604358705615,,1.7199999999999998,,2.5,,-1.1174254742547276,
2004-09-30,,,,,,,,1.6780837045098536,2.379238028824359,,0.7342669509580148,-1.3310567134069986,1.588016428958364,-1.2458695443881853,,1.5099999999999998,,2.5,,-0.9291680172879515,
2004-10-31,,,,,,,,2.028787949809468,2.5,,0.25096691487816775,-0.8490235863751584,1.595164783940597,0.5040641300109862,,1.4899999999999998,,2.5,,-1.4309140075716547,
2004-11-30,,,,,,,,2.0400490860899327,2.4882877502984573,,0.41404458315553694,-1.2443436430740282,1.5968483126207786,-1.068696437921575,,1.3400000000000003,,2.5,,-1.691621621621607,
2004-12-31,,,-0.33410336636828764,1.9032206466255113,0.24430542986674067,-1.7844627422148562,,2.3095460746703527,2.38206533645171,,1.149267168898812,-1.170522041602448,1.5699943170425485,-1.3397809508772531,,1.1600000000000001,-0.2944666184332532,2.5,,-1.1823180592991873,
2005-01-31,,,-0.25413141907003717,1.8264631949622112,0.09372805249430204,-1.6505767489740129,,2.3043461973275594,2.312161027884625,,0.8378125732658558,-1.181193391493572,1.5109958573734286,-0.23135435770017743,,0.8499999999999996,-0.6353207833654446,2.5,,-0.5648738593666036,
2005-02-28,,,-0.12259907188204684,1.8935380274579756,0.19734030497134986,-1.8107380370564632,0.6924186586524018,2.455961752048745,2.339470012407354,1.8904673669479168,0.5646031893603721,-1.2227207494289982,1.4627347017853036,-0.9878656073445384,,0.7700000000000005,-0.7479060744585554,2.5,,-0.5530262453133394,
2005-03-31,,,-0.031974643522663264,1.9346460385238284,-0.09099830429053335,-1.444261797515724,0.8451344151939011,2.1857513776893205,2.222402885710385,2.5,0.3127464528942651,-0.9248441768642227,1.4254338596192033,-0.12710749180964825,,0.7000000000000002,-0.870029631948233,2.5,,-0.5768412613575737,
2005-04-30,,,0.07850229890843317,1.9588643866005604,-0.1262862850455177,-1.1103393595457252,0.819807014702018,2.0994370273596625,2.329348760291343,2.5,-0.5504685016613877,-0.712445370851689,1.409871218374629,1.1924301849560512,,0.5499999999999998,-1.085318325337499,2.5,,-0.5717929562433257,
2005-05-31,,,0.22304374362653615,1.874095512401531,-0.29731762693272873,-1.1107474473400585,0.7950741205339643,1.9734733180296733,2.2383422728760545,2.4509889776318445,-0.6533132381355004,-0.9557801471455135,1.4105329961865147,-0.4491175457299577,,0.3999999999999999,-1.304647312785109,2.5,,0.13071200850158515,
2005-06-30,,,0.28688830481106814,1.8222665720638793,-0.4759148532636068,-1.2052116837190368,-0.27957383313439904,1.988725569430672,2.2211538858102973,2.403323527605627,0.9877932165912257,-1.0668373295681965,1.4673500540410582,-0.4684559304071065,,0.2799999999999998,-1.4900973263412034,2.5,,0.49897300158814506,
2005-07-31,,,0.4599196952578118,1.9394198108227148,-0.5159343373893556,-1.4051942281809464,-0.24838491597491022,1.7158090796958847,2.258665854234982,2.2579415043673596,1.0231016565245088,-1.0800543125427204,1.5189812204527016,-1.0830858770694465,,0.2600000000000007,-1.5541960634592082,2.5,,0.19283976731887886,
2005-08-31,,,0.6589467290602686,2.0455338519310255,-0.7048321305825286,-1.2107223291263398,-0.2151545254872645,1.7240575936081246,2.1794179927510635,2.1318829335395675,-0.31106987000072134,-0.894956830743282,1.5710505588257238,-1.058618253795364,,0.17999999999999972,-1.7095478089408152,2.5,,-0.1469344608879517,
2005-09-30,,,0.8022031654800215,2.345798444131577,-0.6038689675085056,-1.2236072071567432,0.3716581400686489,0.8702096355260959,2.0200342354818623,2.190743264972528,-2.28591873830237,-1.0199822342642386,1.6267945437463744,-0.28779400677692885,,0.16000000000000014,-1.7663768178468082,2.5,,-1.1218335089568052,
2005-10-31,,,0.988911276617418,2.2688609301692675,-0.6640940074873135,-1.1538195859382467,0.35087131807504873,1.2947036762375221,1.9090295591150468,2.0737953436058496,-2.5,-0.4004409313885475,1.6766565536162035,0.5086562880228187,,0.16999999999999993,-1.7867282194029845,2.5,,-0.5701048218029361,
2005-11-30,,,1.2417036816818257,2.0229362329701495,-0.7331516802634739,-1.0916562865735813,0.32994210396083407,1.6317899179788786,1.9625227996287282,1.970276177329015,-1.3514237068876052,-0.9524945007130876,1.6577296998566424,-0.6482263596358769,,0.07000000000000028,-1.9363848062185216,2.5,,0.6614501825769468,
2005-12-31,,,1.4761315561999073,1.9377181489058588,-0.9971943581223458,-1.040250922253282,-0.1878745092353285,1.7100802356291644,1.8964458039876289,2.109462299547675,0.16203485658265057,-0.9197025345017582,1.679876662246353,0.9976710772072127,,-0.020000000000000462,-2.049340079502797,2.5,0.971660228785431,0.8214501825769469,1.0722276200651895
2006-01-31,,,1.683926122160901,2.0175797560603446,-1.4335821672209346,-1.1255368837034103,-0.1860986919969638,1.6539844479998616,1.892404702823942,2.0044263730263916,0.07918739710159635,-0.7346287020240747,1.753908165127932,-0.6841700290250382,,-0.009999999999999787,-1.982717632255895,2.5,1.7852171273188826,0.27121085594988337,0.6084365279208271
2006-02-28,,,1.9210941705641236,1.9417226658171791,-1.3067201137314761,-1.1088440796752272,-0.18432429085712765,1.5636309270955955,1.9040112394684594,1.9107062408588944,-0.6936826886038228,-0.8956275935063721,1.754728392948991,-0.4928594120821065,,-0.14000000000000057,-2.083804802990753,2.5,1.3154069469242857,0.8517463617463701,1.2533449901898215
2006-03-31,,,2.0647830091566615,1.8991653466725416,-1.5639470345690833,-1.1694072005467413,1.4942149407158563,1.5505068711823464,1.9127627382643184,1.9062918196652352,-0.4109360253746389,-1.2793002684270633,1.721427347200006,-1.1324606455596893,,0.040000000000000036,-1.8091717692856968,2.5,1.0315567756146258,1.172081822889698,1.684130656627467
2006-04-30,,,2.23786741081142,1.9489632940436614,-1.6065420270672095,-1.1665017420644326,1.4640776005595897,1.5724728283739664,1.857781147841542,1.820912110201598,-0.6891978649642408,-1.1732825119768164,1.7719572424317145,0.011243304103195337,,0.20000000000000018,-1.5688224022989357,2.5,1.2497861422026428,1.1761641713990691,1.7208383388159931
2006-05-31,,,2.306790640002838,1.9392873114544267,-1.8726960372242085,-1.0954404712429577,1.439008402658231,1.5029903965484421,1.7513264416537007,1.7434289554458555,-1.9867981919121547,0.6083648203749588,1.6979551907472752,0.9141941661132387,,0.08000000000000007,-1.6507676988062636,2.5,1.6568409818636831,0.9627272727272711,1.4673942304416725
2006-06-30,,,2.272155597308889,1.9162703994563381,-1.8901417565010812,-0.9668674014069797,-1.0240346607756319,1.5521319445152537,1.680586700683213,1.79096707843767,-0.9731212182890431,-0.5919381867100643,1.7404968984553726,1.7479024266587353,,-0.009999999999999787,-1.6913256829937642,2.5,1.8325029847624803,0.8082756840474827,1.296123863645529
2006-07-31,,,2.368581288782021,1.9682595410716797,-1.6864418227455602,-0.8946365835166874,-1.0019199362130615,1.4510942381911853,1.66800762757103,1.7158832003441322,-0.9642989036628717,0.18743766099528006,1.7837472404615395,0.3791901865712506,,0.020000000000000462,-1.5979067809122012,2.5,1.6752755082398034,1.1353309389430466,1.649296986239294
2006-08-31,,,2.2724313136826244,1.989930914264988,-1.6610887272256256,-0.8486405012489388,-0.9804187659059556,1.5474375523158252,1.6463536636236864,1.64711884218254,-1.3382099839994364,-0.8429242082276394,1.7766630911069632,-0.9225519467636707,,-0.04999999999999982,-1.6157066329802359,2.5,1.426651505678345,1.323431922488517,1.8262901641352753
2006-09-30,,,2.1595084454316433,1.7849969923038784,-2.0214417135696237,-0.8458081260762872,-1.262092271313482,1.4060795148974043,1.615560282485317,1.6525433504410758,-0.7797812987383184,-1.0587023103700421,1.7613617990517751,-0.4461896765277459,,-0.07000000000000028,-1.571585430367272,2.012072434607637,-0.6772224864354736,2.5,2.5
2006-10-31,,,2.0477862090531365,1.610856156059533,-2.1166222767414564,-0.8847058980295545,-1.3362774051147508,1.3055243568381636,1.5349029065351663,1.592340572496287,0.5027808919904391,-1.4252210235741798,1.8244103937725058,-0.8517065525926746,,-0.09999999999999964,-1.5394077812902696,1.4063284781516971,-1.3146848344901663,2.5,2.5
2006-11-30,,,1.9445054009242415,1.5673555634252905,-1.8246963961322544,-0.8945924254478141,-1.4203755088161967,1.2342380180516548,1.552242239997261,1.5367802947722795,0.2732690643021979,-1.434752423169051,1.8354890118615377,1.1858919542525763,,-0.16000000000000014,-1.5377718370967774,1.9687026754164672,-0.704972060833309,2.5,2.5
2006-12-31,,,1.8447182617185167,1.6454062280410167,-1.9204984632453992,-1.0001326917832942,0.3263118860080497,1.581266541925861,1.557889362780642,1.3604356814564207,0.21401435325009305,-1.0810296631335545,1.872801413392668,2.221232995900128,,-0.11000000000000032,-1.4303962446800458,2.5,-0.11823239612641263,2.5,2.2187342070312495
2007-01-31,,,1.7665848240326039,1.6291269695172639,-1.4775313287611505,-1.0419216820396089,0.30494650682477104,1.3654885651292756,1.5793757157713426,1.3197196988861397,1.128686225967371,-1.6157592365042006,1.8928351239337668,0.9756237131014487,,-0.11000000000000032,-1.3777841485417155,2.075765178123423,-0.6392760685853581,2.5,2.4128601422665086
2007-02-28,,,1.6952994071344707,1.6666796010539575,-1.597144762472741,-0.965831857453981,0.2833304678307814,1.6827834260626866,1.541291662482199,1.281709033126628,0.20658042115038078,1.0997902960535686,1.836009615280723,-0.5934790060995035,,-0.09000000000000075,-1.309765539066719,2.420260782347028,-0.2840195242410866,2.5,2.0656448459156826
2007-03-31,,,1.624006903674104,1.7323430758910672,-1.7036309746640843,-0.9209039977073289,-1.1295654252807237,1.6768075267448141,1.5663702807886062,1.0363939847602688,-0.25103529952948567,0.7397075721017337,1.839528982513303,-0.4421785660656645,,0.07000000000000028,-1.1155362860250515,2.5,0.12511601665043254,2.4618027040560726,1.7293558605598969
2007-04-30,,,1.5525229706290609,1.7399897030425073,-1.4657751375784602,-0.9391563060442497,-1.0957608873728342,1.8628071166040514,1.5150654681927025,1.0060771502229469,-0.4417356816763841,0.588749461781647,1.955308249997014,-1.018596837967477,,0.03000000000000025,-1.1164131027390147,2.5,-0.13565984220594296,2.5,1.7836538130700192
2007-05-31,,,1.4919316871634742,1.77356893062536,-1.5784562413175347,-1.0317993852845901,-1.0632642534366212,1.7743075533094563,1.5050141420264074,0.9771231478741519,-0.22644881481106466,-0.08216809476929389,1.8642943430988204,-0.8026691414543656,,-0.019999999999999574,-1.1261564373521715,2.5,-0.026601783627658988,2.5,1.6447446370335583
2007-06-30,,,1.435415550884804,1.763019925711633,-1.1841055192924688,-0.76987225284663,-0.2688714204092605,1.7121445370716375,1.4649533626429068,1.1965505065030038,-0.6981352017994985,1.79290613339715,1.844391223791204,-1.0689276588834,,0.16000000000000014,-0.9224966599984322,2.5,-0.08346843468921197,2.5,1.6014684756815405
2007-07-31,,,1.3879800013961727,1.7405194594258222,-0.9756357047604939,-0.1702541432746643,-0.2688714204092605,1.569526346648109,1.3842147038920052,1.1624496642621336,0.22009125370806137,2.5,1.819794997733807,-1.2345454167864214,,0.22000000000000064,-0.835991617277849,2.3178905864958077,-0.5875174026035941,2.5,1.769842157250515
2007-08-31,,,1.2057480306156456,1.6850926290360815,-1.1125727481508936,0.05087142715746387,-0.2688714204092605,1.5909564696366725,1.308422794575032,1.1303507422593266,-0.9663862638615115,2.5,1.922842326062307,-0.11573591156942711,,0.3899999999999997,-0.6484950267480096,1.897448478900876,-1.1381444699274461,2.5,1.797576802365116
2007-09-30,,,1.1211414329149092,1.724030702860686,-0.9078292702435513,-0.0851477336011428,-0.39998342892914157,1.6400766712018275,1.296899623992581,0.9226225886165694,-0.9140587059832669,1.4094955219077347,1.8450047995482828,-0.7921582949881426,,0.6199999999999997,-0.40745323706338926,2.5,0.04829725404426488,2.106173570019732,1.150047029368851
2007-10-31,,,0.9852717881669476,1.733489268857768,-0.8782242905449424,0.07298706096453401,-0.4089902000098667,1.4361713572672619,1.2788400186079432,0.8945825734604348,-1.2816902600545084,1.527630601770787,1.7673251369453333,0.47631795686610684,,0.5400000000000005,-0.4620667733489309,2.5,1.043833292272189,1.1493016344725238,0.5619839269914997
2007-11-30,,,0.8033736068094207,1.8503547017637636,-0.8489440472599992,1.0701159970813077,-0.4181098905824145,1.6294552956515038,1.2856469675906896,0.8675411004895467,-1.943727774988299,2.5,1.726021999859774,0.04586431528744337,,0.9300000000000002,-0.060890955056870824,2.5,1.951190019164268,0.11673267326733416,-0.06521719658634428
2007-12-31,,,0.6357929705286112,1.8458048836393803,-0.29972632404969524,1.3285422818519717,-0.3211654415459011,1.5699399144160247,1.2914021365473674,0.9207354872997306,-1.9064992066027273,2.2121518066093593,1.7018038093998529,1.5166703607748948,,0.9900000000000002,0.019056325239475203,2.5,1.545813112000439,0.13118660758246836,-0.07072487282389313
2008-01-31,,,0.44115214290279336,1.8518796146620957,-0.27885744103316196,2.216891694663365,-0.34951373913528655,1.4304608120728222,1.2421479104071542,0.8922651167647904,-1.354769982248736,2.5,1.6899433392178524,2.5,,1.5,0.550423619272618,2.5,1.704504887992967,-0.354695655165981,-0.3789385261629629
2008-02-29,,,-0.13389987565069034,1.8319106768500104,-0.4348670166247773,2.5,-0.37946198817369015,1.1829718707567032,1.1605868555116772,0.8647369609423738,-2.336125043519254,2.4951043440454135,1.81585682606115,1.4125042248087516,,1.88,0.946756998231287,2.5,1.4699001202989048,-1.1629592706119678,-0.8856042907342836
2008-03-31,,,-0.3679496096413263,1.8385716694799352,-0.04639334047018561,2.5,-2.5,0.9725543165786201,1.079842141524728,0.4409160620648123,-2.2779577134377638,2.07673418005723,1.8715237493669625,-0.05399823805245398,,1.83,0.9129821895008862,2.5,1.231078619932309,-1.3649035501344344,-1.0187198889972113
2008-04-30,,,-0.578735996106367,1.819908225584357,-0.20569278104115926,2.139846400487024,-2.5,0.5856123998848789,0.9003910119766471,0.4147628895907064,-2.5,1.038773716483605,1.8607939098598731,0.09482565072971672,,1.48,0.576823248284908,2.5,1.107944159492819,-1.6237609759888127,-1.162896699816108
2008-05-31,,,-0.7707842941012827,1.882718171785069,0.5925851481836474,1.8979781543280116,-2.497442224959595,0.2284023112242046,0.736303856270969,0.3880589554855078,-2.5,0.41545291105153803,1.779372115189188,-0.13739345644718137,,1.3999999999999995,0.5089817064108019,2.5,1.284260097285651,-2.108413823123993,-1.423068120540609
2008-06-30,,,-0.772729940994622,2.037277167771634,1.047675470199054,2.4475686669034546,-0.2534760345623496,0.053189157286829915,0.5865107684045492,0.45187167084033597,-2.5,1.5428144595461535,1.7214665624113934,0.15817233100023315,,1.3600000000000003,0.488874060162814,2.5,2.1714381246122025,-2.5,-1.84890247842204
2008-07-31,,,-0.7855149423061077,2.1040893723035463,1.50745675590267,2.5,-0.24278669285085303,-0.2387397838087133,0.38786499427372656,0.4252111892360992,-2.0343101518600113,1.26634990284794,1.7382052521909817,-0.286399213543811,,1.4700000000000002,0.64743170486726,2.5,2.5,-2.5,-2.0771575538823237
2008-08-31,,,-0.8105791794834868,1.9813120454965294,2.1341131440377286,2.5,-0.23210691005121528,-1.1454017054892027,0.09803398741067927,0.39791194468936886,-1.7192075894490055,0.7773434760276332,1.6736320378324991,0.4049373711745103,,1.4700000000000002,0.6827746502432512,2.5,2.265447718192374,-2.5,-1.9029985289877722
2008-09-30,,,-0.9462484643485635,1.9180122426342285,2.1341131440377286,2.5,-2.5,-2.5,-0.3755199918141782,0.07790491784663571,-0.9970049241923898,2.5,1.7385496623497192,2.5,,1.85,1.1446105291728872,2.5,1.8029367853321034,-2.5,-1.7577328294371528
2008-10-31,,,-1.4715978619071997,1.6651008102377591,2.5,2.5,-2.456512168559858,-2.5,-0.9306406806436344,0.04080866556811276,-2.0223198561916482,2.5,1.8745041537237928,1.1498777822749644,,2.4499999999999997,1.8389102090909473,2.5,0.5141349666496624,-2.5,-1.509957616991096
2008-11-30,,,-1.809528890944881,1.2347705302593113,2.5,2.5,-2.3673277121564524,-2.5,-1.7668880745260138,4.981033335515393e-05,-2.026689220438372,2.5,1.87572548831043,1.5662643893592452,,1.9300000000000002,1.257996200134878,1.0999174706166848,-2.1669333759975538,-0.7099174706166848,-0.4217734186671437
2008-12-31,,,-1.9159048029602574,1.0227964991548166,2.5,2.5,-2.5,-2.5,-2.4380122207986448,-2.5,-1.5238891838789874,1.6606373484691928,2.141089761376105,0.9468955169561486,,1.49,0.7825041000979711,-0.02222800255385904,-2.5,0.18222800255385904,0.04215304309666604
2009-01-31,,,-1.8860226975814105,1.0481179810058605,2.5,2.5,-2.5,-2.5,-2.5,-2.5,-1.3498775405501704,1.9026339994585952,2.1535950461740745,0.6055233523141442,,1.9300000000000002,1.3324199297998893,-0.11358601902212717,-2.5,0.2635860190221272,0.07433898605841334
2009-02-28,,,-1.8126430914890135,1.098607698120931,2.5,2.5,-2.5,-2.5,-2.5,-2.5,-1.6203982303501647,1.8622302640958606,2.052510025533543,0.839946006687778,,2.02,1.4628093708058398,0.008463140671510772,-2.5,0.21153685932848923,0.03858442549901302
2009-03-31,,,-1.804759982348101,1.0457951748045813,2.5,2.5,-1.9791162637830553,-2.5,-2.5,-0.7961922763759915,-1.4463594673268594,1.5761188912326547,2.037417601569481,0.8659379266803812,,1.9,1.3389050588279596,-0.4464787676623838,-2.5,0.6264787676623838,0.24926848522407263
2009-04-30,,,-1.7904536165491722,1.039795558479215,2.5,1.7175313766570022,-1.8829204927710654,-2.5,-2.5,-0.8256073271414431,-0.8069761728254574,0.942332141549736,1.9036637270430723,0.08954796418342365,,2.25,1.7692395287601554,-0.5763244243767063,-2.5,0.7263244243767063,0.28613154957577475
2009-05-31,,,-1.743768472416976,1.0448889384791595,2.5,1.280224378613378,-1.7962089341372294,-2.4340101627959054,-2.5,-0.8566347461344278,-0.5096165560255489,0.34243563985723735,1.890060441668966,-0.08973348118383317,,2.5,2.0960372539053997,-1.015761495855172,-2.5,1.1957614958551719,0.5161362084199398
2009-06-30,,,-1.698773924385938,1.2108403480291328,2.5,0.9948016760892612,-0.6154982324809111,-2.2284389996628864,-2.5,-0.49899850327122536,-0.3225379464677433,0.12020903914157959,1.7882039817237239,-0.3087539469009965,,2.42,1.8963779328661987,-1.2291746182109153,-2.5,1.4391746182109153,0.6232416572927858
2009-07-31,,,-1.6917010038016926,1.1715230272546444,2.5,0.682008044350757,-0.5958647463330214,-1.8827697252804068,-2.465385547701095,-0.5271453317032402,-0.6505024538526375,0.0642527586548999,1.6873359550157472,1.9704774040651751,,2.39,1.8176528831642875,-1.9587610037622771,-2.5,2.1187610037622773,0.964799560762846
2009-08-31,,,-1.6536732583969225,1.2230527343085642,2.5,0.6404531981048943,-0.5764700456287589,-1.6051657350778585,-2.276943325257646,-0.5568457795088169,-0.6380725414367461,0.04233673816013492,1.5894902391372305,-0.6791039954743102,,2.4299999999999997,1.8141637468885348,-1.4838355663267633,-2.4175076948029792,1.6438355663267632,0.6785701516833258
2009-09-30,,,-1.618515868911851,1.2398616205325177,2.5,0.3656185223187255,0.0766686800039758,-1.3957023946958822,-2.135754763040223,0.4344560343259408,-0.017166167629517958,-0.01924939617758671,1.5006025034561898,-0.2751755313293102,,2.3600000000000003,1.6830590971062498,-1.377942862886472,-2.219522149815491,1.527942862886472,0.5928918712404042
2009-10-31,,,-1.59190475701871,1.2829510280560346,2.5,0.27947117846144753,0.08944008743456974,-1.2860907103157317,-2.006511771369795,0.40975900461652104,-0.19872917966482237,0.3503372045307967,1.4705797377699135,-0.3097755640115643,,2.5,1.7894760476908531,-0.22396829420033848,-1.5282627624613128,0.3439682942003385,-0.08000366712798763
2009-11-30,,,-1.5483349877972092,1.3337832124782392,2.334039886429718,0.27501869913628835,0.1023765519700769,-1.1644141048186933,-1.8456354015595904,0.38471461031369675,-0.41320813129140754,-0.18892147182469476,1.4488881789798518,0.24055508275887522,,2.5,1.755796735438366,1.9145871744709275,-0.36991554390869263,-1.7945871744709274,-1.273221485326073
2009-12-31,-0.7292882952591875,-1.3002583905032468,-1.5035505819427597,1.3130246331880224,2.195096454622355,-0.01464003367525086,1.0299210442321438,-1.05896751601596,-1.7779597771402507,1.037998586200873,0.05468293883915519,-0.45831432317679655,1.365296728400581,0.237947249870569,,2.5,1.8544085060229107,2.5,0.1165570267092474,-2.5,-1.728507646196295
2010-01-31,-1.0020638593258482,-1.4817841071229423,-1.464353946652437,1.2988592460853172,2.0257061937633907,0.00659198296006342,1.026784332911543,-0.870670972092277,-1.6523533283054255,1.0084287005425892,0.29200370814356985,-0.24844486799765522,1.2307631519182727,0.36154925879691197,,2.5,1.866091835724383,2.5,0.015092172917257077,-2.5,-1.579728223260613
2010-02-28,-1.0226908729673867,-1.472038370409981,-1.4104466187827984,1.2421411127744106,1.9240543795645024,0.030171387264222294,1.0236622086782425,-0.7793675125541707,-1.5672731128815756,0.9803085460933096,0.2776034361444864,-0.7146814232811852,1.269925323044486,0.5961320566564292,,2.5,1.7723552703315824,2.151336357866529,-0.22873398348539584,-2.021336357866529,-1.2876305372191463
2010-03-31,-0.7079930407884911,-1.3265615381075118,-1.3536999069724573,1.2213678901665266,1.8782257140529153,-0.17356193040338785,0.2674630973453212,-0.6461424006867372,-1.4253391534652526,1.3686417372572433,0.331807316123399,-0.8981379630275201,1.2029877568598524,-0.42812664343005663,,2.5,1.7135008473925954,2.2861714393279886,-0.1483276609014928,-2.1261714393279885,-1.3127647683734227
2010-04-30,-0.9023030649707492,-1.3477908312070552,-1.2941679394171843,1.1986403592111998,1.7909832712644336,-0.23095190908296104,0.2836242223765448,-0.5587954105276296,-1.2736912933053035,1.3202521815220816,0.24191418163513106,-0.5282747480844985,1.2093025125761454,-0.6115200417430774,,2.5,1.5525383679577947,2.2067707525304403,-0.18084069315444867,-2.00677075253044,-1.2241441971082738
2010-05-31,-1.4227679927771573,-1.4729836115666626,-1.2544339172191754,1.1575969275280436,1.5790106469789011,0.06653549028722958,0.3001792604321421,-0.337093863436005,-1.064675946757657,1.2745023356436223,0.45908603272683507,0.3433234182089061,1.2654968478266462,0.6910979685161789,,2.5,1.342220068544826,2.003548929218568,-0.2821614274457847,-1.8035489292185682,-1.0907905094482537
2010-06-30,-1.8838466295044163,-1.5565413470211844,-1.225257521475856,1.1219500430543328,1.4284881403560663,0.08833069728963067,0.91952574562134,-0.27030635508377493,-1.0426841150148363,1.1753224790124939,0.7881217021573108,0.5342513305484949,1.2483734849360406,0.3837163129002923,,2.3600000000000003,1.1266996184273146,1.1215605940686268,-0.7396427285862474,-0.9415605940686269,-0.6337949051019641
2010-07-31,-1.9107375831326976,-1.5811092258025272,-1.1870635293468401,1.1540471384295659,1.3759725991742282,-0.046462140156295885,0.9039010482795466,-0.17958367046920184,-1.0115772488561272,1.1378609579255883,-0.10676421727962397,-0.5110386393301362,1.2180953067345643,0.44752611770708833,,2.3899999999999997,1.1158952064772987,1.3407784804821077,-0.6056299127224597,-1.1607784804821077,-0.7310358689113435
2010-08-31,-2.5,-1.6181732238435926,-1.145010010911313,1.172823419439338,1.3697414504511511,0.0162914979245115,0.8885902904408368,-0.08780121359632304,-0.9570376308112688,1.101974188273071,0.09209965515679935,-0.27741483726329214,1.2687131295041554,0.5308580996736654,,2.0,0.7315101799740764,1.1501775395112546,-0.6846098435162108,-0.9601775395112546,-0.6201552435953125
2010-09-30,-2.3921041961078195,-1.6332808221908006,-1.1086783669820242,1.190596339688951,1.3206317931875964,-0.14548770817401047,0.6399026152823106,-0.004326979000753692,-0.9257832393033232,1.5313038530945844,0.057970606830836324,-0.5219298085204145,1.2821204112497808,-0.07454142501114312,,2.11,0.8049028575339556,1.1183122472331775,-0.6756277106552998,-0.9283122472331775,-0.6062731758498131
2010-10-31,-2.2127638429997694,-1.6687019617714618,-1.0732702032642638,1.2678006358839349,1.2316916558812612,-0.23111582388991242,0.6406445601893598,-0.004272874923154679,-0.7991471134048526,1.4746448519064672,0.04076134433978381,-0.7744651412599363,1.342664681618479,1.225433730232793,,2.29,0.9392988637106491,1.1666951489314625,-0.6250858743354827,-0.9766951489314626,-0.6262705522195983
2010-11-30,-1.9228539171361285,-1.5727135491830724,-1.0386383295007127,1.319109278648464,1.3581258477519076,-0.17487538163121882,0.6413872736461737,0.05559699838409246,-0.7176269324981961,1.421636798313376,0.6760462548001904,-0.5504380397249663,1.3386834037065,-0.05540998006427286,,2.36,0.9712481556444078,1.084544776600338,-0.6485593104309305,-0.894544776600338,-0.5700329565346228
2010-12-31,-1.2088362849795053,-1.4402417957837717,-1.0092453214047226,1.4212851839040848,1.1005447218420645,-0.3704028146446868,0.32985709353700277,0.280541264246216,-0.6506811634987854,1.3821604087333985,1.1438159341614258,-1.0860884767613255,1.3711984201173786,0.09219410275942791,,2.5,1.2352510950696116,1.437793022217937,-0.440898069090595,-1.257793022217937,-0.7334951598429071
2011-01-31,-1.0225112337004816,-1.4360090910381569,-0.9806518367930228,1.4935128726315605,0.9798980145211894,-0.45546115213328375,0.3304378229392013,0.3047660546580237,-0.6063417145898227,1.3398232148474847,1.146565943318983,-0.8884002559762539,1.380551127230374,-0.5097589042526327,,2.5,1.3283900240958728,1.7007834915029774,-0.2796273917939001,-1.5307834915029774,-0.8506480986834041
2011-02-28,-1.0056977781537662,-1.3366565660518033,-0.9528054421519401,1.5654413650415466,0.9055387677088309,-0.533039926060893,0.3310188671710479,0.2937635822410559,-0.49411400533998684,1.2996418413535638,1.5990859464794094,-0.9658637672955148,1.4923847421468304,-0.7651044145745669,,2.5,1.188945322084545,2.124898173333145,-0.034765219602032764,-1.9648981733331452,-1.035982320870835
2011-03-31,-0.9188207001507037,-1.2391704239925871,-0.9300765411361416,1.7025907402110414,0.8756085401500844,-0.5443859519592642,-0.5806405893611676,0.5814474519535084,-0.37403474105484047,0.6020575520385516,0.03200887147898331,-0.9891466874102335,1.5831424051197784,-0.794995790081401,,2.5,1.0973768353559663,2.5,0.2443630509362426,-2.479241510354109,-1.2472340761522038
2011-04-30,-1.118277397821719,-1.3465194797131816,-0.9167250282310448,1.813934052573862,0.888987895306141,-0.5563722090490225,-0.5555082073493252,0.5936046440742921,-0.2130846173564781,0.5935369511924252,0.3657494529453662,-1.230546423883618,1.683876643230026,-0.8487700317221192,,2.5,1.0982154835423885,2.5,0.5028408303896069,-2.5,-1.4355137403352551
2011-05-31,-1.4887029800997003,-1.430441356503134,-0.8909769799814921,1.8663032005269466,0.816633639634137,-0.4888077499719152,-0.5303612992200863,0.7114218967857593,-0.11716338649438758,0.5850951508006662,1.0234714403801235,-1.153426906901283,1.807454223170293,-0.8919732891575846,,2.5,0.9637088926479341,2.5,0.7212835259158857,-2.5,-1.5594063356836998
2011-06-30,-1.284859728437471,-1.405153232947648,-0.8616437900942652,1.807200986307227,0.8317375255468221,-0.42079640995509315,0.6367530433428182,0.8890421850107241,0.04184251888243807,0.9095179466578253,0.5337102807040448,-1.024301252739827,1.9318727556583979,-0.36824272750853215,,2.5,1.0541014267608713,2.5,0.7561132822239331,-2.5,-1.5179128957046435
2011-07-31,-1.7775286636704202,-1.4391853921738644,-0.8424182048555863,1.8362641761323937,0.7602036713288206,-0.393182198022932,0.625426354058229,1.133589636222291,0.14990891246345717,0.8952080932024306,-0.7963280735927742,-0.2528881872997631,2.2592498640379968,1.3552365070088497,,2.46,0.7693541406306517,2.5,0.8080400228968001,-2.5,-1.5019676698852242
2011-08-31,-2.5,-1.5176616511935528,-0.8013174769190804,1.8774315917043265,0.7333837422319869,0.005574807575038612,0.6142339973808695,1.3983673180730736,0.31640788409203363,0.8811647634939974,-2.0011435153725046,0.29004461810389176,2.5,-0.21909587464829477,,2.03,0.3263296284879145,2.5,0.9091488282007075,-2.5,-1.5067667468763115
2011-09-30,-2.5,-1.4563862355730115,-0.7838252948004594,1.8906075048428577,0.7068573858597261,0.25631614325411445,-0.28936172621410605,1.3422966648770704,0.5707912918286381,0.9280845994368437,-1.322036928805597,1.285366881486418,2.434356813124186,-0.7498342556680315,,1.67,-0.06156604196222757,2.5,0.9179406421150397,-2.5,-1.4938317253993305
2011-10-31,-2.432221605819478,-1.431563946599981,-0.7623457634337356,1.8624839779761624,0.5910943043039881,-0.08685282740368108,-0.28539186161922137,1.5174843699383327,0.880940160894794,0.9149208299497351,-1.1542955091741287,0.23283180488201893,2.324796014922473,-0.7093029209503672,,1.92,0.16416222275922895,2.5,0.73428159267767,-2.5,-1.3354260932904563
2011-11-30,-2.4693565292249042,-1.405807609278675,-0.731924708156556,1.8799579068822705,0.474951363065347,0.07222248814137644,-0.2814315023238527,1.4587497122738484,1.1825785368972477,0.9019880156357021,-0.7675537297178657,0.10687393530867745,2.2675673284590903,-0.8793849173875302,,1.83,0.03584022730080156,2.5,0.678618324353373,-2.5,-1.2642489677560123
2011-12-31,-2.5,-1.3802525984584897,-0.7117949738139486,1.8366541708499577,0.4037134712355147,-0.08586536524854098,1.2252213698980636,1.5102327925445032,1.5484042257995942,1.2593087511079368,0.24786105907932068,-0.36082409065376125,2.1811444501134067,0.5636164109131093,,1.64,-0.21136759011026465,2.5,0.457583406926242,-2.5,-1.055646436278655
2012-01-31,-2.5,-1.3743250375356466,-0.6822511951649451,1.8840502233618566,0.2846500787402429,-0.26118952771129983,1.211759636956945,1.5645819868355257,1.9929258037742157,1.2257004468685433,1.0806182931733301,-0.802622309539041,2.1489133857607765,-0.8059516894492925,,1.61,-0.2900357669840704,2.5,0.4189546975314835,-2.5,-0.9994015615931634
2012-02-29,-2.355488670324257,-1.2992536706608253,-0.6478636921274704,1.905863359436258,0.2593647879120548,-0.4398973642627538,1.1985508997276262,1.5430582246999045,2.2142938746540666,1.193491108437486,1.1043099878095015,-0.9221798964728481,2.07403124076884,-1.2847725427703425,1.1829831144735379,1.68,-0.2538321715380989,2.5,0.35322831159948903,-2.5,-0.909967912080566
2012-03-31,-2.0087448740735825,-1.257574617019613,-0.6080727159482526,1.9199103645669815,0.18328954342760495,-0.45612305142126397,0.8015363107898424,1.3292794044465406,2.271146563675551,2.297585139704542,1.2447424178796758,-1.3474763908094676,1.990303966807378,-0.8267609421366833,1.537840680905005,1.9,-0.019489937696362616,2.5,0.1816006498986938,-2.4528752813320978,-0.7139171218393707
2012-04-30,-2.2948589256113068,-1.2734690424454664,-0.5791931028947784,1.9161095116045361,0.1560058546528839,-0.4634032460083782,0.7858199913093101,1.4456255708240906,2.140154239904139,2.163719742102234,1.2118623633744505,-1.0488224767073882,1.9352194634209163,-0.4178178647946993,1.4899566446580834,1.68,-0.35980181336667905,2.2731633741348567,0.013847611771950926,-2.1331633741348566,-0.5275297877755467
2012-05-31,-2.5,-1.2513668699651483,-0.5444797235234712,1.7782256771381784,0.12686670483907475,-0.24456378786081232,0.7703912441914063,1.449005605885599,2.0371830175434513,2.046598878861105,1.6552522552064346,0.09756954487823045,1.8657489183918932,-0.4633052496702508,1.4448161606586434,1.32,-0.937546467584389,1.7379429374660749,-0.27226953843855733,-1.577942937466075,-0.21108525338336448
2012-06-30,-2.469051409387089,-1.1931717544764422,-0.522050995456909,1.692863562554977,0.09765356508203869,-0.4050498451780836,0.2743747954043326,1.417965482604502,1.9218572499918167,1.6580684557874958,0.4899305873518224,-0.9958850254723841,1.8491806761470908,1.0184683828259438,1.7301929484016296,1.3399999999999999,-0.9897061589982964,1.653870448297634,-0.3089879149915464,-1.4938704482976342,-0.13479660498859183
2012-07-31,-2.5,-1.2378405192448674,-0.500622796831007,1.6525234449521196,0.06766588259863475,-0.4935291761877266,0.2784252624384389,1.4330991797988788,1.8629396770691216,1.5948209078693005,0.29064262694517634,-0.6613369979879506,1.8043168563012417,-0.4593691946083709,1.6736427044223607,1.28,-1.1724502350723751,1.4175114798464783,-0.4303021087317372,-1.2575114798464784,0.03652647283792989
2012-08-31,-2.4093408576754745,-1.2261848267888984,-0.5010290776769886,1.8139282280936804,-0.02237052652195284,-0.5520804161182915,0.2824918106491927,1.2654588937487663,1.831878803854152,1.5360889046500343,0.6300481373954839,-0.8530262786270343,1.7926604677232494,1.7156184448565088,1.620798253885281,1.35,-1.1420627749239913,1.6859349154821235,-0.28053906285799163,-1.5559349154821236,-0.09735509473014294
2012-09-30,-2.2513855623272985,-1.2051110825643638,-0.4739127965013778,1.9238213985097519,-0.23581630537275866,-0.6289799696089847,-0.08540756739094044,1.204503009953858,1.8030676424292054,1.545569530759136,1.3380997336468878,-1.0732615411806965,1.7955864159071657,1.014015415177958,1.5332270749609758,1.42,-1.0894715407968674,1.9497168982819613,-0.12747028091292367,-1.8097168982819611,-0.22290874391170393
2012-10-31,-2.1138590399994626,-1.148428925177955,-0.4376114110464354,1.9490634043225672,-0.27775177121157796,-0.6686490846086768,-0.07662943967023142,1.268411608508896,1.7632808256193948,1.487232176525207,1.959092219625036,-0.576940785802889,1.7742715002006961,-0.12761507977623077,1.495850248015794,1.42,-1.176117810489717,2.1556780595369363,-0.0007396807597835788,-1.9956780595369363,-0.316467856163925
2012-11-30,-2.1573144192523346,-1.1632024867741042,-0.41821136656835833,1.8109284141214423,-0.38858188275965616,-0.6624166381443354,-0.0678272679522408,1.361117441211737,1.7312330537987222,1.4327369207800114,1.8206795599775325,-0.9681168143967153,1.7572547753760388,1.4385819762931542,1.4602153823411963,1.37,-1.3153234982166633,1.7960197033926262,-0.1783067706959608,-1.6360197033926263,-0.06050863477063678
2012-12-31,-1.9390578680090362,-1.1502557910279556,-0.4001908891728147,1.7368812908546856,-0.3011309960634964,-0.7446158460981434,-0.08907007851384774,1.4270237056061665,1.7569983549487311,1.2761226635025382,0.1666653140400729,-0.6049703450759588,1.8170677134954372,1.341772327698219,1.5744648564314951,1.53,-1.053634717937221,1.7595049796895523,-0.17871456796185065,-1.5995049796895524,-0.01713513465780619
2013-01-31,-1.6541401867170145,-1.1248549737544595,-0.4113698242231012,1.7391879586645282,-0.27962040092435986,-0.8391680413736986,-0.07872562941306309,1.3752672895496183,1.745116024319765,1.234929083145008,0.3215026095703594,-1.1350997114020291,1.732489912717652,-0.3920436467338851,1.538715248909975,1.75,-0.6311944621315352,1.684061762098299,-0.19947958394943316,-1.5440617620982988,0.033770784441792705
2013-02-28,-1.7489915860329557,-1.1250665426989745,-0.3741608797173955,1.8567064632437245,-0.5577073256782413,-0.8138655994564219,-0.06833754038949812,1.5134967418541294,1.7926547372356736,1.195698819474554,0.9328743727876307,-0.9153167915563635,1.6513799279696648,1.118937213294562,1.5045619970234307,1.64,-0.838360644473753,2.0181404902574807,0.012891008950833263,-1.8681404902574807,-0.17796857156583543
2013-03-31,-1.7306678679926077,-1.1134346534085104,-0.3649902656149045,1.6834563478896263,-0.7796444353814812,-0.826616961680649,1.010125163930263,1.6164639308163262,1.7582818807086524,1.0988560188569991,1.0596560620874647,-1.302179808527379,1.632561248092977,-0.03584360390956197,1.6662819866516012,1.62,-0.8670195586612466,1.5187472411246183,-0.2566147978590319,-1.3787472411246182,0.15399746908738499
2013-04-30,-1.8555346572962046,-1.1196402144166058,-0.3181643392648765,1.5475040609980146,-0.7844287750521215,-0.8951161097925322,0.9772778966152497,1.517312415042975,1.7437293820068378,1.0629512613463596,0.6748231117697663,-1.1209215657432572,1.5769823237345129,-1.0720550838528908,1.622702592953518,1.48,-1.1434128904545855,1.138808047576867,-0.45736781281946615,-0.9888080475768669,0.4106081106907662
2013-05-31,-1.3808001816219972,-1.0623205453434428,-0.37007462004916925,1.5028180229167682,-0.9524532689856156,-0.8628530531265376,0.9454836825347088,1.4819334504912887,1.7392079334280552,1.028395407859204,1.847254481713819,-0.6647658401771065,1.5358125378767167,-1.2090810371001692,1.5814188938976,1.86,-0.4138196211566138,1.3903888279197085,-0.28520898230866104,-1.2803888279197084,0.20399620842228205
2013-06-30,-1.0157218995311665,-1.0180802646036233,-0.39331063956030554,1.5239602326189956,-1.0376213242714127,-0.6912201223671673,0.03840862445084072,1.4870341226490453,1.719159406872582,0.9703961224995689,1.6830884214152737,-0.5384423647531555,1.5313230500004344,-0.40312914655261706,1.60510647541295,2.16,0.16251499009925158,1.7157935271568725,-0.0586834699441102,-1.6257935271568724,-0.04513315672662312
2013-07-31,-0.922297545206984,-1.0358288578135806,-0.38140416586500553,1.52895600093589,-1.3165645458351485,-0.8063561100067971,0.04532646635364682,1.280130720101064,1.67061938003664,0.9393975946142394,1.6979605550544439,-1.0424464365448216,1.5054545060576792,-0.9769449137330457,1.564063943118898,2.29,0.40417996147437907,1.885471805415806,0.08808569421674002,-1.7954718054158059,-0.18287182019437426
2013-08-31,-0.7341250060100573,-0.9767503437116968,-0.4380003763777019,1.5460298369725667,-1.4916202080228402,-0.7731298257270751,0.05227084401730367,1.46874730559129,1.6975073114613068,0.9093272891026817,1.1958943678211957,-0.4266623109946763,1.5083587048857225,-0.5966925522480897,1.525085591278561,2.3899999999999997,0.5853093609715485,1.538809488600279,-0.1014354755457218,-1.458809488600279,0.029358756393536797
2013-09-30,-0.8578646644638104,-1.002558369806667,-0.6580434651627411,1.4977457983246436,-1.5756606040482437,-0.7288329866200421,0.7851159926580322,1.6151045585385655,1.6888186440518684,1.0093598832889639,0.5119340084418729,-0.46345416561227964,1.516463478309063,0.17888986750511876,1.6917125767646128,2.31,0.4030462820390823,1.0947341081747997,-0.3769376650959597,-1.0147341081747996,0.31954853324517934
2013-10-31,-0.9108720488533525,-1.0025266090158904,-1.0290286282744725,1.4579200240064054,-1.630189677278896,-0.8355982413784924,0.7581968373167356,1.4898951744864444,1.6986671638128104,0.9762686966585835,-0.12165725640021834,-0.8918086534827312,1.6123046335265605,-1.0508811412817058,1.6345697174910618,2.26,0.3063590518529757,0.8767991434911471,-0.507384836169468,-0.7867991434911471,0.4604385787588141
2013-11-30,-0.7234502571226652,-1.0070547599873785,-1.4161985848313345,1.467675526222945,-1.9745913095554113,-0.880050392690817,0.7317560879474959,1.5364091184276294,1.7326876335753463,0.944229756018084,0.13742493633185698,-0.8524115490170832,1.5444978655431916,-0.6314507171399896,1.5812102250973457,2.4699999999999998,0.7247911226839748,1.2328701961954458,-0.2505154771104694,-1.1528701961954457,0.20496320122433065
2013-12-31,-0.43216336170133207,-0.9381735327285657,-1.1336263551257484,1.5089914704457905,-2.142673714036075,-0.9882139578206693,0.728161371438595,1.5483494116866245,1.66421064957575,1.122875582555246,1.1469221029113275,-0.822986002494338,1.5635960445209833,-0.065797897291304,1.7801143733447649,2.5,1.0859763649560343,1.5128383667573297,-0.06645214667117573,-1.4228383667573297,0.031495230719940974
2014-01-31,-0.779896862665998,-0.9505216973663072,-1.5534976997715308,1.5417003450286022,-2.155619341776026,-0.9281416250168297,0.7356491286469151,1.3083301319182392,1.6680922163515874,1.1386096501647267,0.9243618968123538,-0.05902798562334586,1.5928178608329429,-1.2984144114881795,1.702847899081184,2.33,0.38011015675406346,1.557758795574915,-0.05466049949193111,-1.487758795574915,0.005734059124652077
2014-02-28,-0.7776845745263005,-0.9464226037560969,-1.517719459857634,1.5301021468000837,-1.9555619102841084,-1.1583555179960325,0.765030196818796,1.6060802050775327,1.65386697023057,1.174705211340391,0.9535772713955465,-0.747052215923882,1.6162297307540052,-0.8907684987898,1.6320096659663512,2.33,0.36906858478285004,1.1204746347724948,-0.39898981077271073,-1.0504746347724947,0.3460787048432878
2014-03-31,-0.6994932285408224,-0.8747448471821125,-1.234033018497021,1.5518366971077084,-1.8631310787455537,-1.3413239616868022,-1.5666639663314332,1.9581191648284846,1.6966098355784602,0.8693099600493487,0.6906005793533563,-0.7432331713767991,1.597985557042158,-1.239389143894759,1.7354278676603299,2.29,0.27205169060139905,1.6126949139408042,-0.05491019341418555,-1.5326949139408041,0.015111744397506897
2014-04-30,-0.7444033695010623,-0.8744895113598637,-0.9634825490377644,1.5684096712675086,-2.217612198426785,-1.4748347180649366,-1.6936421728202644,1.894230994407559,1.7481042164951262,0.854351363926502,1.1882617763295085,-0.8086735655056186,1.5969274355547678,-1.3420038338984361,1.6640526963327158,2.25,0.18802028037702873,2.015125303606169,0.2279320409883098,-1.9251253036061688,-0.25581194370232657
2014-05-31,-0.9138370299994875,-0.8902140603427118,-0.9320556090418386,1.5866638337021266,-2.0114728941480258,-1.564611756263964,-1.8482732528253776,1.9814443914437199,1.7501644768801405,0.843363197598788,0.8493572975698448,-1.0936930981249484,1.627057170791958,-0.9495856711333338,1.598398787079954,2.11,-0.09120520057820941,2.166947687079812,0.3190709533516674,-2.0769476870798123,-0.3456630529417591
2014-06-30,-0.8504629553990276,-0.8207801940960637,-0.6677534510309784,1.5797531853615685,-2.0789604074956713,-1.6982167492832467,1.7565096799767295,2.0241115644985688,1.8039759094290797,1.3663624133785393,0.8830714813098266,-1.0304871514248906,1.6427958371233105,-1.1529756654439263,1.8313083320287014,2.0599999999999996,-0.18462344303173178,2.0589816945944195,0.19540502615256478,-1.9589816945944194,-0.2158323566414079
2014-07-31,-0.7877253205707035,-0.7750044281821307,-0.8853063191821574,1.5688940331828367,-1.8944031094189637,-1.3104161102502772,1.6929884733636111,2.0012416317165744,1.8024785131056469,1.3632607184900483,0.7456463083922179,-0.16903481971974574,1.6485560122370477,-0.5155680559476813,1.75920859400097,2.05,-0.194181886956914,1.9742378703305974,0.07138992794836804,-1.8842378703305973,-0.10443530170957377
2014-08-31,-0.996674433621542,-0.7924881452352672,-0.8563273683958378,1.5154435412645049,-1.8898217000157111,-1.4622929966226714,1.6350123925139393,1.8097098876133164,1.7892534382144591,1.3711074853869532,0.8409950057714838,-0.9146883428921244,1.5967889185306656,-1.2990786521565503,1.6935413045143073,1.87,-0.5566851962262747,1.7150983482969062,-0.2559878345926333,-1.6250983482969061,0.21515707234371054
2014-09-30,-0.8168240891689893,-0.7249361018105953,-0.8294837577024426,1.4722790382891675,-1.965786903944642,-0.9805129044636232,1.418254009294497,1.846919175051406,1.818260051398131,1.6736972558593628,1.1855714628181502,-0.10462962294339835,1.5787541688842204,-1.1112959099820512,1.8522826248843673,1.94,-0.3934527523310331,1.6840509711232077,-0.3889894762639913,-1.5940509711232076,0.34156328715262263
2014-10-31,-0.9672477424884323,-0.7592207721928557,-0.8125587187982961,1.4213628955973943,-2.037018381827762,-1.0341374171193953,1.366758554649627,1.745423441393711,1.8154266055254993,1.6361608385826387,1.6398370301149436,-0.6514308277153827,1.6144203944314126,-0.1862574272271359,1.7833637013766537,1.85,-0.5630348156216635,1.6095417021513292,-0.5508678161380677,-1.519541702151329,0.4971170406161561
2014-11-30,-1.1142108763835534,-0.7637262578449255,-0.7959685307035634,1.3150369218438698,-1.8730941090009,-0.6960389468392998,1.3182450748840953,1.9134958217844191,1.8377257847518766,1.6046888247787565,2.038098413297566,-0.8832957943079505,1.596996199955804,-1.0652381798822106,1.7209629332353942,1.7100000000000002,-0.8328869684805322,1.231524989320798,-1.0161424005715727,-1.141524989320798,0.9544445820536729
2014-12-31,-1.105147248642847,-0.6394750455166339,-0.0649770229145769,1.1720120954037183,-1.9484284034058248,-0.35738001566634103,-0.2137499186077924,1.7987958480265205,1.8468813610875432,1.355900962830432,2.5,1.2786340148404478,1.6485844040968427,0.22149157121792976,1.7513791964365242,1.5,-1.2396588225028473,0.6531213919623191,-1.6841701486432,-0.5331213919623191,1.6479229471498336
2015-01-31,-1.5503422993638405,-0.7398967607323718,-0.3086408588442391,0.917839526720166,-1.7938854118087473,-0.1484031759924729,-0.1946473024592361,1.346474706559252,1.8193523127605729,1.3169668546669728,2.5,1.8750340977465523,1.6983684167287123,-0.4421958086580614,1.6927739848038286,1.21,-1.7897805660932433,-0.22993097820542818,-2.5,0.33993097820542817,2.5
2015-02-28,-1.2201422321505817,-0.6370583206535257,-0.30036763807574185,0.9809687560256078,-1.8725060309022616,-0.8215342396919245,-0.17528982137347723,0.9930973679201439,1.8138285674845347,1.2808098256926639,2.309949559187415,-0.855978841920628,1.7878338286151854,-0.639881133568468,1.6396642119106903,1.37,-1.4063927500728681,-0.08703146293520536,-2.268020048936204,0.19703146293520535,2.220610134756423
2015-03-31,-1.2565435789013617,-0.6640650757113126,-0.28193273909310357,1.0518816037168208,-1.87467213437398,-0.488750274040135,0.6573847008227446,0.7878185354096099,1.7400377641153573,0.6151884570621846,1.7744944808237444,-0.14143001116309936,1.68889558697404,-0.36893765080059826,1.5947461072221838,1.38,-1.3462587049590036,-0.022031284423873476,-2.0723989045816684,0.13203128442387346,2.0317304584363054
2015-04-30,-1.1312213924975527,-0.6402285703127406,-0.004222998604255752,1.064443599578913,-1.806066321682478,-0.6740335116565063,0.6404343243057018,0.48208952965307506,1.746726463722256,0.5900137301636832,2.028577278132584,-0.3861309777621049,1.6551437045778072,-1.0519740036664609,1.5493330707845794,1.4699999999999998,-1.1187773875083884,-0.10403098939391064,-2.044823171520688,0.22403098939391064,2.017829564268691
2015-05-31,-1.046414762071286,-0.6109130262157811,0.030661771921101283,1.1653857017222253,-1.5932987188039647,-0.6568685516512582,0.6237332642049678,0.22176668972980393,1.779104519258481,0.5649216366929702,1.1912645731624438,-0.6356802829196813,1.616713763763226,-0.35624800436211995,1.5083588639228476,1.5100000000000002,-0.9986723358637273,0.03503321824429584,-1.809945324093254,0.08496678175570416,1.7882800102414993
2015-06-30,-0.8124273788552959,-0.5816205236702022,0.32235678110463084,1.2509883525425833,-1.7511275348899245,-0.2569509983358603,0.057323041045155475,0.02806511217314664,1.7415596035175467,0.6836877803401206,1.8358450652287974,1.2177937076081387,1.6014845063247451,0.22531936723890622,1.5378117042628505,1.71,-0.5405192746826564,0.1795718097550525,-1.6143056236820117,-0.04957180975505249,1.6072927722908716
2015-07-31,-0.94040484872172,-0.5519094720834721,0.3529125855141426,1.2927518246045624,-1.7547751891795011,0.09065449918955351,0.0700522205144675,0.3109816670134125,1.7510852929948395,0.6578746562526712,1.3411793949042683,-1.3006020933853377,1.5941342108051597,-1.1440122099311534,1.4937313514870787,1.5300000000000002,-0.9042084672932126,0.22568611104094582,-1.5203372080181168,-0.09568611104094582,1.51590633519445
2015-08-31,-0.9155984290505973,-0.49928518275043815,0.6719351136172704,1.2726063908545162,-1.760403672251301,0.4309421322593618,0.08293768311674204,0.17412537735764314,1.7021746844829004,0.6323036615257432,1.1098807043929093,2.5,1.5889706693730907,0.2117161834731869,1.4536295236360781,1.47,-1.007618179143021,0.2413037985344868,-1.4665720398658944,-0.10130379853448679,1.4737734302108911
2015-09-30,-1.0420231964578721,-0.5450562645969362,0.7201607258357118,1.1590601545228725,-1.7662878468223686,1.2814679545451986,-0.38530800064209286,-0.035940722123840946,1.6647345689201383,0.22030930532848772,0.40137949436156506,2.483063898668657,1.608934684123985,-0.3384842355598905,1.4781733070941512,1.42,-1.0816285293313619,0.008842961634170088,-1.641323580286358,0.13115703836582993,1.6478519608279623
2015-10-31,-0.930779201637279,-0.4674908563843493,0.17386504434906844,1.1865533671817812,-1.701747996700425,0.6099514396402927,-0.37204439459374916,-0.3733658578621767,1.6902964982780608,0.19944643269825624,0.7717394835539634,-0.15514689994216854,1.6108986281800701,-0.8425456395860527,1.4362753341505954,1.4100000000000001,-1.0668072991253572,0.12761656067050708,-1.4858315437603529,-0.007616560670507089,1.477302371271908
2015-11-30,-0.8678996702475326,-0.34122358810687126,0.2200436496430522,1.226286091666364,-1.58267912916579,1.0710476302251772,-0.3588380122531007,-0.8691797251798125,1.685023946913175,0.17821846726278964,0.914113216259671,0.14512943180420235,1.6749413722707003,-0.5336771667947262,1.3979592907281175,1.27,-1.3188460988842374,0.4363182169185187,-1.1747741709474067,-0.3163182169185187,1.1710715189908274
2015-12-31,-0.7958250937721438,-0.25534136191382123,2.5,1.1583266395100509,-1.6007705919136566,1.5279110288773763,-0.8235648873964972,-1.2162628179868544,1.693837308032965,-0.5369563685870454,1.0504300975509364,0.7360079374235841,1.693910910648094,-0.5602703531611456,1.308219829175417,1.21,-1.4058632813079885,0.6387247515364791,-0.9664255975669822,-0.3987247515364791,1.0718094887056848
2016-01-31,-1.0989952565732921,-0.425282037071304,2.5,1.1192488636090951,-1.684177346140145,2.145316440792624,-0.8066216517582289,-0.9511034544519646,1.6508401212777333,-0.5553041779739428,0.9174321106234569,1.2304651809253226,1.8125384352934943,0.2673086071504154,1.2737602650676068,1.18,-1.4409952662367642,1.2375025026943876,-0.4051304702386105,-0.8975025026943875,0.6037841213321749
2016-02-29,-1.2736504158064308,-0.39933798806180415,2.5,1.0339454674996584,-1.554204513200524,2.014144352071478,-0.7900116940449586,-1.3097761605487979,1.6344350260010818,-0.5742389195398354,0.8241596663561794,1.2588109477340266,1.817918614248502,-0.3732388704541292,1.2420795476284274,0.96,-1.8651058613043083,0.8472775790126619,-0.7432736977927507,-0.46727757901266187,0.9667751808032451
2016-03-31,-1.218232338976416,-0.41727150832979154,2.5,1.182113844842677,-1.4327148600428157,1.3700161475781585,0.025162881505115847,-1.7587117305396294,1.642092644586182,-0.17555802481591393,0.6736616864744855,-0.5531393658278262,1.7888682122142365,-1.204888855891824,1.2235342711009078,1.05,-1.6219116686866457,0.8916160965521946,-0.677911693301956,-0.5316160965521947,0.8787735596147885
2016-04-30,-1.1561256744589175,-0.3775570213512826,2.5,1.3675554969409636,-1.319158709449994,0.6483434065436068,-0.00368775202900964,-1.526138663646009,1.6261598372795136,-0.22599773602589834,0.32007928416540643,-0.0900839138470599,1.8060817666372184,-0.8954521127400779,1.197725900585786,1.06,-1.5643951846866067,1.1726257503534843,-0.39492946066341594,-0.8026257503534843,0.6080126293023917
2016-05-31,-1.1346329837772848,-0.2965739924560702,2.5,1.4693061786977715,-1.4917764568277232,0.43570888829049126,-0.03412775351401175,-1.6232550761315092,1.5566014202230745,-0.28408050401752044,1.1727094922315953,-0.4893216582225642,1.8040376302538852,-0.7760193044141526,1.175206997552036,0.9700000000000001,-1.7173736248715987,1.0784764621246223,-0.4572884692230866,-0.7084764621246223,0.6689600085009962
2016-06-30,-1.4743502165220215,-0.4792062027006396,2.5,1.596496584843206,-1.3777912920670627,0.6224758434971548,-0.5880812274679635,-1.2990819375861913,1.5693930911725151,0.21092330760654085,0.932586300849958,-0.08356914441085549,1.7914818762070102,0.7242701699328244,1.2598618676406,0.91,-1.8167732118567497,1.0792865347959424,-0.430237243061051,-0.6992865347959424,0.6527577151994988
2016-07-31,-1.4891128259499615,-0.40324802162609347,2.5,1.5329015906390826,-1.4107421558993702,0.18942484117886874,-0.5734233480850437,-1.2253670092634517,1.6308169808256852,0.17598494862244896,0.3617050614429671,-1.0952333268838275,1.7719765110610413,1.3232776352931208,1.2352474779813771,0.7899999999999999,-2.012860476271594,0.8683633430518256,-0.6146619577934286,-0.4783633430518256,0.8434404945797223
2016-08-31,-1.3485103198076251,-0.2951641138701066,2.5,1.6043800993233897,-1.2999951135092151,-0.27501244631176963,-0.5589397932713216,-1.2590666554770749,1.5993193455232868,0.13777343684086826,0.2997259567768686,-0.6426611601797616,1.7971834394135489,-0.8079939863395292,1.2144384017682315,0.78,-1.9343933464327363,1.0553158595656864,-0.39600530428439645,-0.6553158595656864,0.6459466021921082
2016-09-30,-1.310649949909185,-0.301485892358507,2.4687186750939976,1.7169124566177547,-1.193244953090114,-0.35629536433731457,0.3209637832551611,-1.2631915431683125,1.6327576851456418,0.010143856311952755,0.47956093775864883,-0.6493838804538034,1.7834022901405107,-1.1383343207845904,1.3938343659663783,0.8300000000000001,-1.7439937001442811,1.5486446201652182,0.18474842757344515,-1.1486446201652183,0.0927287517914634
2016-10-31,-1.045653393817806,-0.21626106222178756,2.313694964477307,1.8094268592876082,-1.2371466697913318,-0.38511540322570376,0.29713499575554453,-1.1814277510239013,1.5863958475514532,-0.04258810899022873,-0.2696371544887395,0.34339834622280024,1.782662904215337,0.8555590996804278,1.3599556921824674,0.9800000000000001,-1.366192927010365,1.685924966243646,0.3963276768035462,-1.285924966243646,-0.10452600448637596
2016-11-30,-0.4727128006309931,0.00020005154664365555,2.262078466495225,1.8275530886169045,-1.3544701045886864,-0.5810124553840041,0.27282629913884876,-1.3424290976499875,1.5504799216380931,-0.10639719034405577,0.9135908022696824,-0.6610083359422333,1.7843228233405617,-0.1784382834229837,1.3296427867818987,1.26,-0.7430762187640688,1.6843334719788938,0.4545472827283554,-1.274333471978894,-0.13978230829996374
2016-12-31,-0.3733885183464742,0.10016772904924201,2.5,1.9261868633993113,-1.3160828400189821,-0.9837344040668716,-0.12031937216781227,-0.9061743592704337,1.5626923900308096,0.8095889642322295,1.6734746343767635,-0.4724053600149206,1.744512890707316,1.946444720277053,1.412930291391978,1.2500000000000002,-0.7469735919841234,2.0507989115119862,0.9754107888097874,-1.5107989115119862,-0.4842058647425401
2017-01-31,-0.35917099063515506,0.12334943412928426,2.5,2.1002782822049215,-1.277234539993708,-1.1604801753195477,-0.09773431928846923,-1.0031617132002648,1.5740054482582981,0.8016337751960054,1.6390087194751748,-0.9716619102377823,1.7476314648070437,2.128558011951872,1.3767989490503523,1.2600000000000002,-0.7101733711984131,2.5,1.6261374620218787,-1.8603933482571118,-0.9990075720674432
2017-02-28,-0.44589107465155925,0.18208574036634737,2.5,2.1135219728900907,-1.3183918046811354,-1.3632106113986995,-0.07450929411444639,-1.1585821054589938,1.5875803704848335,0.8009709457126327,1.1547575263764895,-0.7106186807449543,1.7374982406494703,1.272170245848762,1.3441567525956966,1.14,-0.9384265044084269,2.5,2.04009213769363,-2.1503616813294206,-1.4439764740902028
2017-03-31,-0.38691689170002,0.2645782332929496,2.5,2.0046050916440885,-1.4355497714752323,-1.148991319892526,-0.18486710892614255,-0.7750273789576242,1.5621372022004487,2.5,1.2373261803089313,-0.8400731256558871,1.7215762600945168,2.5,1.460168202624714,1.13,-0.9290006275212169,2.44119623655914,1.5529677767113943,-1.65119623655914,-0.7907401259478313
2017-04-30,-0.5006767275746545,0.3165702068323406,2.5,1.999900009247023,-1.3940428143113217,-1.2118573919594064,-0.17098207152709236,-0.19983381139464973,1.5715351669923623,2.440908602617667,1.1953224610192972,-1.2108536773637222,1.7001422089525757,2.5,1.4194992219277975,1.01,-1.1444181359013357,2.176223471915395,1.1987506176158547,-1.276223471915395,-0.28330042986384474
2017-05-31,-0.5838558638802327,0.37255796377376643,2.5,1.8892142308385986,-1.3557799484465316,-1.2462789489983783,-0.15702644761020526,-0.12075642477356756,1.5823776436959371,2.3130391545677456,1.1753036111121649,-1.2992380624842748,1.6745117579783566,1.6911623296647094,1.3823405191159508,0.9299999999999999,-1.2810658742930434,1.8563431667619756,0.7590854158148909,-0.9463431667619756,0.1797676243506185
2017-06-30,-0.45103964895947896,0.5549657332077612,2.5,1.8736814698223887,-1.4004778994466516,-1.1791713305103377,0.026188957377655763,0.03376624627300953,1.5899368759109807,1.8509926392066243,0.6737675183677604,-1.0941967929616527,1.6108953134387871,0.49935820423582,1.5195039965954797,0.9300000000000002,-1.2519473915134216,1.640565809959127,0.466185855657792,-0.6005658099591269,0.6604764331458776
2017-07-31,-0.45075867384121876,0.5859835154600085,2.5,1.843800433777961,-1.3658637665408928,-1.28994338311037,0.020966087240724282,-0.07021741924661155,1.5923758439308378,1.7666264860990657,0.2455918496739065,-1.2560509060045977,1.600947167252855,-0.1372821987849667,1.4734216455199265,0.9599999999999997,-1.1694538687165468,1.7251073506566073,0.5726428111603213,-0.5751073506566073,0.678739863683733
2017-08-31,-0.6716668586400887,0.6514945334786958,2.5,2.0070669657063474,-1.249804437683979,-1.0218771075728834,0.015736220670174886,-0.30177920875238384,1.5794439687125335,1.6897714004385092,1.1110507311528337,-1.1517243055751558,1.597072434188698,-0.9293485685716761,1.431047885531524,0.79,-1.4654975565309183,1.92812155729698,0.8392399408838594,-0.7681215572969802,0.3815079953369011
2017-09-30,-0.38148306010420174,0.9447315950705585,2.5,2.212802698822297,-1.2994167684656155,-1.2583651287559663,0.5588479967476526,-0.18355774735185212,1.542831407284413,2.1130022266766537,0.5981528422247129,-1.339000999694876,1.5805976414573935,-0.8998246489115884,1.5505854640926142,0.8600000000000001,-1.290888053512091,2.1805652303711787,1.1687200393297767,-1.0305652303711788,-0.019023018950879905
2017-10-31,-0.2982646245963133,1.2797821343537323,2.5,2.1496796461825287,-1.349776787512259,-1.2608956548962769,0.5355695990385768,0.6887896332814646,1.5332257788291546,2.0021472873810615,2.147883882062272,-1.1292025277362054,1.579735132529977,-0.7505838420124885,1.5101803857628535,0.7799999999999998,-1.4016666858606939,2.020757753132485,0.9601393832147258,-0.870757753132485,0.19168554224165635
2017-11-30,-0.2282244588395033,1.6668722159508915,2.443151871412502,2.198639531930913,-1.3136750427443153,-1.1263517570038784,0.5123595180503703,0.9893957843826571,1.5580272202341674,1.9034254073722303,1.409545395811851,-0.8456141402728943,1.5447322221983468,0.2784303298538001,1.4741593985229162,0.6399999999999999,-1.6096104103349744,2.172493864295566,1.1472783419530412,-1.012493864295566,-0.03621122119724799
2017-12-31,-0.24148276976005947,1.9669927499911042,2.5,2.2116852496620623,-1.3724321931551715,-1.0719864379554922,1.3662249451344342,1.3331051349839733,1.5494706288019509,-0.4307248522627275,0.6096609741684461,-0.8530525095860625,1.547554820325444,1.7289579668337118,1.8392064553552605,0.51,-1.77077377716281,2.129930719552253,1.0745585139236986,-0.8299307195522532,0.22128936798080479
2018-01-31,0.23229403411974575,2.418894917255224,2.5,2.3267027998638783,-1.437984959686941,-1.3454065635719477,1.3207170320653825,1.4464746311208492,1.5373822639327515,-0.4348484531374991,0.5809757747860831,-0.2160935907282445,1.4813033751830638,-0.35212530306283973,1.7859422349212912,0.5800000000000001,-1.5765499108579535,2.151318868063945,1.0836818236241008,-0.7413188680639451,0.33737768791546785
2018-02-28,0.4616576934064797,2.5,2.5,2.3343329552394443,-1.3162002582557357,-1.1423387304623653,1.277816142577546,1.7016953878563879,1.6379234294470602,-0.43899347973961256,1.6880255350847804,1.2638664246222147,1.454260855677391,-0.8409003215325508,1.7393565604667955,0.6200000000000001,-1.4493237131724361,2.263468931091861,1.2189176417832792,-0.843468931091861,0.15792196090534433
2018-03-31,0.28200932163821346,2.5,2.5,2.2233957289322586,-1.3786088409158563,-0.8893037219739426,0.4528761806288954,2.059672737276732,1.6601663947076033,0.982930548559401,1.9902013957207125,1.2334398661660273,1.4618286651340686,-0.4079819731523152,2.165637035957045,0.4700000000000002,-1.640101376501894,2.3309497646499366,1.2721008623674304,-0.8209497646499366,0.17909945190312773
2018-04-30,0.6090780213832185,2.5,2.5,2.244383079398594,-1.3526378424599759,-1.0984814473525981,0.4628316036479817,2.5,1.6430250181135186,0.9508291758374369,1.2316898345195022,0.27345525582042174,1.4168880539450934,-0.05407314979843962,2.0851442758121173,0.45999999999999996,-1.5922651342731107,2.4709963021052994,1.4009058646474926,-0.7809963021052995,0.23585276085675874
2018-05-31,0.45491760154232924,2.5,2.5,2.244717460784403,-1.5207978418512602,-0.9232605957772474,0.47293358924703555,1.841802361887922,1.7014950072999866,0.9196996114537302,0.961748384227112,0.14559864804501266,1.4319851993486703,-0.23869233017178831,2.0149927118544695,0.43000000000000016,-1.5755418350137034,2.5,1.7208367942002938,-1.081921607842497,-0.23844145772248157
2018-06-30,0.5101350840085849,2.5,2.5,2.177996701028424,-1.2972903697144826,-0.8259975924501676,-0.3230241697947315,2.2370221531711336,1.7115663662634584,1.7458743392014382,0.9883100605801876,0.31734060201460806,1.4560005462542682,0.523831563535735,2.143095466777042,0.33000000000000007,-1.6719086894764785,2.5,1.6892975244214443,-0.9875506935940186,-0.10887304024205588
2018-07-31,0.7089746510946326,2.5,2.5,2.110318577832057,-1.4784271081615805,-1.0213321272558318,-0.3364446571298954,2.1423281994455103,1.6495493243779134,1.6736443223708428,0.8652954521542382,-0.461377654983964,1.4439265505912688,0.015341497285053315,2.070369021070821,0.29000000000000004,-1.6750589614236078,2.5,1.6879715182970567,-0.944124785561929,-0.0638379523721619
2018-08-31,0.5729492721085779,2.5,2.3835369849209167,2.090799231805245,-1.4513786812069045,-0.9682806148222208,-0.3501286019178224,2.3394203730944505,1.682730311364142,1.607257282407415,0.388663278131647,-0.42190782960498224,1.459666878524985,0.6350707513876439,2.007710965699992,0.23999999999999977,-1.6993334068372374,2.5,1.3929227953401613,-0.7329238568742575,0.2569606323485153
2018-09-30,0.9059314559888484,2.5,2.300652502733061,2.083948281475027,-1.5362474274625777,-1.1181050780833168,-0.07245844976892374,2.14911143478723,1.6352297416334325,1.0187886176826306,1.370692413165737,-0.6130672259884045,1.4561084147377574,-0.14970254659079218,2.0461112338599072,0.23999999999999977,-1.6439534541256262,2.332055105808828,1.000369440331516,-0.38205510580882796,0.8017783570473991
2018-10-31,1.1057165375389593,2.5,2.5,2.0878930978584194,-1.408307047959474,-0.647643127069428,-0.06149779795049859,1.8867212852450004,1.629772780999403,0.9860225028980022,0.9103845362385924,2.151198021319235,1.4202761551844063,-0.2694241755918161,1.9780703177911154,0.2799999999999998,-1.5299851820121493,2.492032470218053,1.1453191026291702,-0.302032470218053,0.9108345441885635
2018-11-30,0.8686999515466199,2.5,2.3650825728851066,1.9616803919067916,-1.3847106502439535,-0.23244082208906844,-0.050477081335957824,1.7805486478645824,1.5901440603645374,0.9543300969468081,0.5643326479830756,1.1553584610675536,1.3987552718486413,0.8859938623506757,1.9188158978619294,0.20999999999999996,-1.6050274307648074,2.147328577667773,0.7302924083453364,0.0526714223322271,1.4211495526600397
2018-12-31,0.32572180212586643,2.4320699202507403,2.3169484115284225,1.903148098051753,-1.2404772448824126,0.647655736039722,-1.2824783575719114,1.6681352209567681,1.5984147966625493,0.9460974511559884,0.7466409091177824,2.5,1.5505773522831159,1.1014679744843137,2.007860531910213,0.20999999999999996,-1.5871546777044354,2.0023809043401064,0.5541598920989351,0.2676190956598936,1.6832956192260726
2019-01-31,0.22871451349458863,2.314197699573784,2.3480737915679892,1.7869502905769419,-1.0948836660070205,-0.18449514449502882,-1.2381630442008056,1.2575930586760848,1.6341141659706058,0.9205965689652308,-1.2446585191147492,0.615779745957163,1.5907330438984222,0.5933383931088172,1.9349890018856066,0.17999999999999972,-1.5993293961144195,1.4875893578291333,-0.0302148502974276,0.9124106421708666,2.493193098087482
2019-02-28,0.40190470103468234,2.3419523902771884,2.211136254638716,1.833991992321808,-1.3289580840400375,-0.5758279031839744,-1.1960225773985267,0.9482561217450345,1.5562077944012687,0.8958139938247668,-0.539006124625073,0.17759582754321424,1.5809763599183955,0.5398895250663592,1.870365582008348,0.20999999999999996,-1.516197875771259,1.5188615351321877,-0.00219275169025613,0.8811384648678122,2.2917753795908915
2019-03-31,-0.1331921896781192,1.9364383977748247,2.1034047401239264,1.9043738260197935,-1.3168707398809172,-0.46845827974303605,0.0034599966237489,0.9026610630322824,1.587121670844326,1.1743529979218272,0.7250446226907493,-0.1264226158476235,1.591943786225539,0.6916849741254729,1.920176637293186,0.14000000000000012,-1.6058040268480005,1.8831863513063984,0.40735863979097686,0.5268136486936017,1.7194707193000773
2019-04-30,0.04478100664282054,1.891203457914416,2.007867077231808,1.963333743003099,-1.4180827493689951,-0.7466039824271921,-0.04439152939955468,0.5907398789215748,1.6468106045387894,1.1351504872647626,0.3305209325848186,-0.275090925445935,1.572805643695696,-0.5801348860794472,1.8511571805393519,0.23999999999999977,-1.401602959276366,2.000583470209061,0.5413410330103346,0.41941652979093913,1.5234715055573462
2019-05-31,-0.569661098235098,1.4244914872788383,1.8765910170836626,1.881106316427467,-1.5262561000127453,-0.01352818286444924,-0.10018219161524677,0.6182052653536858,1.5811600769767924,1.0976058319993773,1.1297404754114466,1.259452424328334,1.677777105507845,-0.20658942286802234,1.789355769280529,0.19000000000000017,-1.4612467288577213,1.7959105553606136,0.31657086731186845,0.5940894446393865,1.716457521547343
2019-06-30,-0.7967119040173314,1.1371226334220748,1.7811143916455223,1.7848321272588865,-1.491060832574164,-0.47793870907638464,0.6711277398269467,0.6383676127895821,1.6095651623650205,1.2161881412877544,0.5475559699641895,0.24899770666351925,1.8100108495690703,0.21789908618711837,2.043434309394462,0.25,-1.321101092118712,1.671194894390049,0.18199304719087092,0.7088051056099509,1.816492903360803
2019-07-31,-0.7494248352138971,1.310230015700962,1.7280978794522661,1.792860652556575,-1.3267530520803152,-0.5986751580695595,0.7267797877959833,0.3267648877126195,1.574672178226334,1.182666260407014,0.5676486170043856,0.5084096869266089,1.8637522397621007,-0.020895554622746358,1.9534938400341684,0.13000000000000012,-1.5199057924022614,1.826331335037068,0.3630887438175938,0.5736686649629319,1.5813217070428789
2019-08-31,-1.6346233643435812,0.7741801765311948,1.3543043144884535,1.7493400093183538,-1.4488179672275192,-0.4285426424443916,0.7894948185412449,0.687446004082936,1.6096473974849925,1.150513777514404,-2.2043389512062945,1.2400600389783063,1.904454799106487,0.6323547631766351,1.8728585722940787,0.0,-1.7217993683379156,1.7376412106666406,0.26084924711283974,0.3923587893333593,1.286074845258062
2019-09-30,-1.29874898606201,0.93859877782178,1.2051551723721665,1.7313131636916859,-1.5627089293794985,-0.5186294208163068,2.076766211872071,0.47460181479448993,1.6192214418881006,1.4154825633642716,-1.1574545952350064,0.464520697606852,1.9627091426104701,0.10084203301786841,1.9506911121229313,0.050000000000000044,-1.5882412788183065,1.6844977040391562,0.1998600058916063,0.3555022959608438,1.1974072785947398
2019-10-31,-1.263827752259961,0.781598848418236,0.9240468978443052,1.7592805611638855,-1.372903592784112,-0.4020846871291441,2.093927549531581,-0.05067324110029698,1.5834705064791335,1.3835915467961655,-0.5578439420827364,-0.33581808406795755,2.0693028809416374,0.5416888770948767,1.863712404146874,0.16999999999999993,-1.319770106833838,1.7339736996186295,0.2541390582545553,0.09602630038137061,0.7995779284663374
2019-11-30,-1.0873046640226285,0.8893740971198153,0.5658357486332893,1.7847245390185762,-1.3444745015927666,-0.5054467946635303,2.111442499718612,0.2217115931343694,1.6071934166154354,1.353000877227884,-0.08340246688738429,-0.4946213279364031,2.106861862523354,-1.5257414108172598,1.7850642850241594,0.16999999999999993,-1.2864750600897172,2.092290394862917,0.646892399328742,-0.5422903948629167,-0.1393738470036985
2019-12-31,-0.8314674061047027,0.8420159323364765,0.5420571628645701,1.812935156447142,-1.310566618616513,-0.8476413187369316,0.24731689420524522,0.049926476950059584,1.589737508914577,1.624608583402339,0.8974246935941881,-0.17363339336468955,2.073940748483294,-0.06051929960290235,1.640538793028282,0.33999999999999986,-0.9053367466170307,2.3195274699624457,0.876806682417951,-0.7695274699624457,-0.46429048172759574
2020-01-31,-1.5666559237485747,0.5021771377569026,0.5182634912327811,1.8115165162012254,-1.2844910525972708,-0.45610525624000076,0.2353356224867755,-0.3962480396317269,1.6259038738359315,1.5675173640297195,1.0685335542058443,1.1496247679624259,2.035351683483328,0.32285078318209703,1.5778269894885601,0.17999999999999994,-1.1980254730033115,2.5,1.1733818782667986,-1.049767976845202,-0.8431718413301764
2020-02-29,-2.2342246004239916,-0.12513865477278857,0.5309311665813766,1.7602395885818176,-1.41213090843666,0.43219148747990277,0.22335062772793896,-0.2543429192929731,1.6696716827252165,1.5141959713850823,1.4435675470297271,2.5,1.970263568990502,2.3683674602911933,1.5197606364653165,0.2699999999999999,-0.9782980879302207,2.3413166797595197,0.8461180977892363,-0.7613166797595197,-0.4002779251694666
2020-03-31,-2.5,-0.9528882195832724,-0.6418726782664308,1.5430400961020643,0.11997128668390637,2.5,-2.5,-2.5,0.8804704607000698,0.38901585875214717,-2.5,2.5,2.5,2.5,1.1860035312488109,0.47,-0.5346804547621447,1.4940399642909163,-0.21747233485310463,-0.8440399642909163,-0.5008172926270756
2020-04-30,-2.5,-0.9802083006223163,-1.3907891181209662,1.221609118168402,2.5,2.220608033090405,-2.5,-2.5,-2.5,0.37071116823043154,-2.5,1.911403300600449,2.5,2.5,1.1481083863753676,0.44,-0.5729330556818159,0.3130472940411133,-1.7380915981432887,-0.2630472940411133,0.37554254626547295
2020-05-31,-2.5,-1.0222105306787315,-1.3865559132687144,1.153203197826969,2.5,1.3537362798797472,-2.5,-2.5,-2.5,0.3523938511546788,-2.5,1.1008307264464505,2.5,2.5,1.1119396071536913,0.49,-0.4388338850130416,0.1982013035848551,-1.9016088154035249,-0.14820130358485512,0.5554613982956925
2020-06-30,-2.5,-1.0136234257461076,-1.346128231433399,1.2853847644702858,2.5,1.2453875681990176,-2.5,-2.0866097050727292,-2.203800231377606,-1.023586990890326,-2.389272303016145,1.340066224604697,2.5,1.2349967832429039,-0.2534047356415614,0.5,-0.3890497255192215,0.7166562831830481,-1.270275043630066,-0.6366562831830481,-0.16402359823121462
2020-07-31,-2.5,-1.0703651306776847,-1.3313370344541189,1.4211500333919929,2.5,0.312344837882952,-2.5,-1.2729025459669778,-1.7483069064532328,-1.0116891218243038,-2.5,0.6481835887700931,2.5,1.8251238186094036,-0.27480268105936767,0.44000000000000006,-0.5028587892330059,0.9968647625897997,-0.943104412017258,-0.9068647625897998,-0.5516353619812738
2020-08-31,-2.449781919784009,-1.0245146629484594,-1.3165948885257486,1.5042948079514735,1.6229297854088849,0.21904688194165287,-2.5,-1.0308274874002374,-1.3650695285611465,-0.9999881225718383,-2.2674460893313086,0.8151516739090823,2.5,0.1267336371016219,-0.29698382278170427,0.58,-0.13551637161683153,1.2810698495523853,-0.6030156844182942,-1.1810698495523853,-0.934819336542395
2020-09-30,-2.4148433591246663,-1.031630679996157,-1.3261993638272103,1.5478620685984357,1.3079117743508542,0.5280469350571296,2.5,-1.0013459821318211,-1.1311645263212657,2.5,-1.4530851089429457,0.7650362322452027,2.407611582451023,0.3983420398243979,0.36420496102311034,0.5599999999999999,-0.15475020038580722,1.3910228912373812,-0.506560622258382,-1.3010228912373811,-1.078494253601386
2020-10-31,-2.0530914611663,-1.0144920219031446,-1.3244825094019326,1.5419186987042521,0.8827196209940446,0.470513379944347,2.5,-0.8306882014688389,-0.9617936523138467,2.5,-1.2236254583803983,1.8924631466626913,2.2586244397782025,0.2008084139966071,0.34082910123325294,0.74,0.349230959871468,1.2303863428671624,-0.8016213046429123,-1.1403863428671623,-0.8094143214142963
2020-11-30,-2.061049410636375,-0.9829149690293159,-1.3227699081800375,1.5725833534169993,0.7773724146071705,-0.2487764172358102,2.5,-0.7099071023715945,-0.8768871655392328,2.5,-1.6348665744447677,0.00838840927813784,2.1739597539964874,-0.05330126326708143,0.3171009249365409,0.6799999999999999,0.22140790923443818,1.1757452138405844,-0.9295941952745818,-1.0857452138405843,-0.7060379962514861
2020-12-31,-1.8866153346219425,-1.0128375862918126,-1.314576880164984,1.6758317525022473,0.760951353159852,-0.580403673187653,0.22229530961845,-0.42687693315347675,-0.875180685759191,2.4546981476576493,-1.167433022327113,0.21154028895799987,2.0638018141620402,1.1090460845126326,0.7775226047891269,0.8,0.581352225771357,1.3204191315779434,-0.7378404586172284,-1.2304191315779434,-0.8967568833413139
2021-01-31,-1.5866489524378504,-1.029746250652,-1.3015483922014208,1.703842057724584,0.614454130616369,-0.5742703021176185,0.2159041624086386,-0.2832870166836367,-0.7771166330670196,2.3231212122531217,-1.26739579942091,1.2652465953649805,2.0050108778347258,0.23651595979871207,0.7509003345389088,1.0,1.1636115753420222,1.3553199782346148,-0.6868227427077234,-1.2653199782346147,-0.9338461732088537
2021-02-28,-1.0582559503574154,-0.9816061629559337,-1.2985834219970216,1.779092036706051,0.5155250721830523,-0.7827799658101875,0.20952396994313793,-0.9303520668667922,-0.6572391963846829,2.2090625639564356,-1.3986452357626713,0.6820847426731076,1.9568409386912313,0.16532033596570794,0.7247819943102335,1.2999999999999998,1.9496705475595077,1.667502410800381,-0.21183585000200472,-1.587502410800381,-1.3619090754259469
2021-03-31,-0.5706328502158688,-0.945642082936166,-1.2961251800782334,1.8921252871079737,0.4626043020545113,-0.9466558377793876,0.3111775575259297,-0.3503935561167478,-0.4867631177101304,2.5,-0.5540604764198283,-0.2324493182802871,1.9079484677987693,-0.3251740725493457,1.112911718108377,1.58,2.5,2.5,1.311080023898675,-2.5,-2.5
2021-04-30,-0.70381652426104,-0.9378943764779513,-1.2813085146225542,2.0565337627372253,0.4544755991163866,-0.9892768852423292,0.30540229556853776,-0.2944512972934324,-0.40139029030815104,2.5,-0.18439633965168625,-0.32630613482640985,1.9105440357962458,-0.419134034984196,1.083525724456991,1.49,2.2447047494470005,2.5,2.5,-2.5,-2.5
2021-05-31,-0.8049283438480878,-0.9576187105004503,-1.2782335900038557,2.199776788683753,0.31541412761303084,-0.9049739177407004,0.2996457549256621,-0.09751332304230362,-0.30720633692107663,2.5,-0.6923968032569405,-0.5305352998836866,1.8795751661391868,-0.8360822719518517,1.0560749380986152,1.44,2.035544378852931,2.5,2.5,-2.5,-2.5
2021-06-30,-1.0060989567467136,-0.8147862267129895,-1.2402603896836288,2.382017911080994,0.35156417076253305,-1.1519248614457964,0.4165037539070162,0.020485703649322562,-0.14857936265673363,2.5,-0.3949762625004464,-0.6297073808093846,1.7609124137665546,-0.3594454296724293,1.4992804164469868,1.2,1.4102848307794609,2.5,2.5,-2.5,-2.5
2021-07-31,-1.3338027047374168,-0.8877269401007941,-1.2034402369254915,2.412822722741945,0.1283723960794666,-0.8592131938902626,0.40674478228372934,0.12969044781378106,0.030742839965458433,2.5,-0.791140128408881,-0.39059202972529977,1.7025035676971019,-0.5085292926041013,1.4604536393499679,1.05,1.0247086328954373,2.5,2.5,-2.5,-2.5
2021-08-31,-1.2136745153324657,-0.8750797558657122,-1.2014995423952437,2.381229556988474,-0.00437663951853861,-0.9323530335043098,0.39704538836564224,0.150174814264561,0.12944360202027938,2.5,-1.7684298297363625,-0.5986714520595925,1.661337025416417,-0.10504580970577967,1.425651740568797,1.1,1.1221230110062939,2.5,2.5,-2.5,-2.5
2021-09-30,-0.8409320998322152,-0.7744142949442536,-1.1991974884382754,2.392944729793003,-0.17720946188858072,-0.957373852963782,0.03721244915314105,-0.04653130081375147,0.22298437196627705,2.5,-1.431293938889715,0.10170369645924668,1.619095637194497,-0.3206687987186747,1.3080317051533263,1.24,1.4197892777694716,2.5,2.5,-2.5,-2.5
2021-10-31,-0.7809403358751192,-0.5246890789261638,-1.1854290138127268,2.5,-0.2616668920327545,-0.9267297255045385,0.03656485562517732,0.278820818212426,0.3846936702866096,2.4741843920289703,-1.4459740793270515,-0.6485563733485675,1.5800148688148539,-0.6993280715869012,1.275111445957249,1.07,1.0105417556188063,2.5,2.5,-2.5,-2.5
2021-11-30,-0.9661470151511025,-0.47774445812458366,-1.1715505547079255,2.5,-0.3888146549902956,-0.42115601378974776,0.03591729229400787,0.5074663573634943,0.5035632779407362,2.320751033015916,-1.7290897152080102,0.5378891875933813,1.54989690279215,-0.5312426840828335,1.245134002596697,0.9099999999999999,0.6565720507685642,2.5,2.5,-2.5,-2.5
2021-12-31,-0.8110833208877252,-0.21680956996468564,-1.1534128977256841,2.5,-0.5130119264053021,-0.934166218962317,0.38684120846367126,0.5166461121039913,0.6087754613709786,2.1298262770127145,-1.347212138838053,-0.5425071307293542,1.515243643227379,-0.4031220851173531,1.3782037491406764,0.79,0.3944610174881158,2.5,2.5,-2.5,-2.5
2022-01-31,-0.36798545520034287,0.3467193859917184,-1.1323262453941163,2.5,-0.46357365841412707,-0.4315468087629996,0.37863644893289516,0.5408863424962365,0.6502589495128368,2.0178311601300427,-1.5518865621306814,0.2761428253741848,1.4708725311812028,0.02113522149797016,1.3457820916691405,0.6100000000000001,-0.018251564909004682,2.5,2.5,-2.5,-2.5
2022-02-28,-0.3002855854155351,0.6668729161358241,-1.1115443820546598,2.5,-0.5436285579992448,-0.30119309643756437,0.37047415890211033,0.6979137922183493,0.8024194653442228,1.9182284555273337,-1.799513790697229,0.8209161302536064,1.4251821584915767,-0.13676497895658488,1.316965015357422,0.3900000000000001,-0.5412883925078776,2.5,2.5,-2.5,-2.5
2022-03-31,0.5008020122950795,1.7017523077935959,-0.9589538097408183,2.5,-0.5807010285614992,-0.6095983681817718,-0.3980251732774394,0.8935992059697521,0.8790929042417306,1.7669363739988064,-1.9354810154157023,-0.2714939344989209,1.362791854167903,-0.8297460817733405,1.9375415555465718,0.040000000000000036,-1.3756336244535963,2.5,2.5,-2.5,-2.5
2022-04-30,1.4091576122937886,2.1692253355882576,-0.7992773353912969,2.5,-0.5743870033682825,-0.10879596914058526,-0.39271144526296764,0.9397973710913392,0.9248447115142268,1.689669465346526,-1.366519785575893,1.1142760078304645,1.304339112400582,0.7795137918862551,1.8782584449903488,0.18999999999999995,-0.9654974536610654,2.5,2.5,-2.5,-2.4140205140481603
2022-05-31,1.3200976388000139,1.910289941221767,-0.30873202191185256,2.5,-0.6102839443452956,0.11696957348332244,-0.3874204965628462,0.9479922079285391,0.9566572019259431,1.6188049803479574,-1.8119224571699843,0.2778815788259119,1.2185257117803907,-0.9447717149749045,1.8266004131196731,0.3200000000000003,-0.6144628507701595,2.5,2.5,-2.5,-2.214237317696077
2022-06-30,1.5000631401437794,2.3142364881629947,0.1755540624830463,2.5,-0.6038422897643433,1.5896880308578814,-0.23039679941501473,0.9112855480662867,1.024730109906032,2.0781391840082426,-2.27700856703874,0.5257333020385125,1.1427175712644824,-0.24885402581431404,2.156719897875548,0.06000000000000005,-1.228665441145691,2.5,2.5,-2.5,-2.0998962160841446
2022-07-31,0.9870880456799161,2.212281491270524,0.6836407620687979,2.5,-0.6393762975337771,0.6202810672642721,-0.22757442814584114,0.9520216992506394,1.1268205510823959,1.9709260833547004,-2.0012728175166643,-0.3387745471827954,1.0902719624236674,-0.5824184127926841,2.0774780084989923,-0.2200000000000002,-1.8447304147301031,2.5,2.1957905654280725,-2.5,-1.6542410987948528
2022-08-31,1.716501757788329,2.5,1.357299955871362,2.4201674967382267,-0.58929859967617,0.781143652648177,-0.22475609749484463,0.9748722118652644,1.1463961148111388,1.875173996247427,-1.3994420198077808,0.16495939733207188,1.028241142975543,-0.5164537072598692,2.0084463415192966,-0.30000000000000027,-1.9382837698757538,2.5,1.988929080864233,-2.5,-1.2935964816054837
2022-09-30,2.5,2.5,1.5485447501465683,2.359743454093412,-0.6247386414822239,1.1071033684575764,-0.002887674624937639,1.044666229476707,1.1633024796227547,1.5675907535256492,-1.2939019140246553,0.7871017324647165,0.9481597348722105,0.017613539865034968,2.265619828657591,-0.3899999999999997,-2.039214359505353,2.5,1.8868221734482504,-2.5,-1.1697108371296556
2022-10-31,2.5,2.5,1.9950240710154525,2.32321920364367,-0.576646413107987,0.3705356873865861,-0.0024064094084742765,1.0028442803960627,1.2059279782759598,1.5059297823171534,-1.1376794792558487,0.07806582247971047,0.8650518630893559,-0.25492234906784494,2.1736901484555986,-0.41000000000000014,-1.977405471627339,2.5,1.6386388529592264,-2.5,-0.8078246228155044
2022-11-30,2.2632739493791423,2.5,2.5,2.2382030131910016,-0.57128079468498,0.2847277439416587,-0.001925139090613764,0.9154631784535868,1.2289305026919402,1.4484817333638726,-1.3164611022322705,-0.6022511270398376,0.7969893412555009,-0.8749188420168396,2.093722427091566,-0.6999999999999997,-2.4455245949981177,2.5,1.34838885871109,-2.5,-0.33499139780033843
2022-12-31,2.464896646904337,2.5,2.5,2.1254580122254785,-0.6082829999338858,0.5022849184753676,-0.008665073387320834,0.6278295551435853,1.2229510817465208,1.0615863624706852,-1.0380834711728808,-0.5084993163132309,0.6929159573439425,-0.2709844999824961,2.3731732276248914,-0.5300000000000002,-1.9764932156325976,2.5,1.041772576956894,-2.310831677385809,0.034680894667715505
2023-01-31,1.9076825986474406,2.5,2.5,2.1128034292816458,-0.6036610129521526,0.025804348392094407,-0.00577806383065501,0.8219010416267775,1.2666998913797232,1.0273439803601228,-0.5899286664505554,-0.8004085448902826,0.6539135930677866,-0.3201410701752743,2.2517191690544873,-0.69,-2.170284043566111,2.5,0.9834326772004407,-2.010296309929161,0.14697115441033703
2023-02-28,2.3834787209499093,2.5,2.5,2.0637154711603816,-0.5568625238154062,-0.05870785266727271,-0.0028897310466193494,0.8225159932734387,1.2861083312602288,0.9943369394702335,-0.3716771637689783,-0.5934586533725075,0.6152427248549824,-0.8780707463720687,2.145718941352531,-0.8899999999999997,-2.3918750838696092,2.5,0.8149333160665847,-1.387648712766894,0.36784351825134115
2023-03-31,1.7448295596114678,2.4159873813005004,2.4839423512269247,1.9725977201179963,-0.5945845781902276,0.2579974142334066,0.007384995207777284,0.7873971582211351,1.2573664438272893,1.5016084898533333,-0.7968613444869742,-0.9490449971126366,0.3700982667938938,-0.3501393290483207,2.443971216134559,-0.5799999999999996,-1.7308339525556808,2.5,0.41728678063863694,-0.2813486417571269,0.7495495306391947
2023-04-30,1.6550145105710405,2.3244251266747997,2.4454412890581336,1.9462336988239295,-0.631206390868532,0.19676622389850404,0.00802731009685826,0.9065080869841233,1.2966003089361249,1.4462627512886037,-0.6031307337610623,-1.3894571227066428,0.20574538042291834,0.36362214716590413,2.297525070320331,-0.6000000000000001,-1.6921695297330182,2.5,0.4080177200511138,-0.11694748806232536,0.8008331933536272
2023-05-31,1.8761167429224839,2.5,2.436379553141959,1.8812796877581601,-0.545155360937958,0.328669537308677,0.00866965125295346,0.9051756765147451,1.3345331615781488,1.3944607186837805,-1.0153138917499953,-0.9556215087996938,0.21162730616882347,1.4115603826958516,2.1707986819581193,-0.7600000000000002,-1.8822930493205692,2.5,0.09352031317563474,0.9346854606435269,1.143763817814792
2023-06-30,2.0488595320008014,2.5,2.301223258682284,1.8389006284783702,-0.5416389537853985,-0.2680307885557179,-0.03050531364583479,0.6910872570169039,1.3403016813175925,1.4018554632977733,-0.47582317725719364,-1.6075890400432222,0.1411144004189354,-0.9637209239924445,2.5,-1.06,-2.2550251283525147,2.5,-0.306119591863335,2.0207466652207007,1.4750084002071662
2023-07-31,2.196211350160762,2.5,2.196169732452405,1.7862907625722713,-0.5809338167002244,-0.5154740029842805,-0.031148549841774672,0.9167381102759525,1.3198330638270803,1.3517369334424518,0.2416416776629145,-1.4984920754888635,0.07221623617611796,-1.2737236240549203,2.367363638422792,-0.9099999999999997,-1.9111686891718802,2.5,-0.22639694056218812,1.8396717976537502,1.3775991332567694
2023-08-31,2.2863354371262194,2.5,2.195019544832889,1.7881771258366994,-0.496075561445094,-0.4670038114240328,-0.03179184149947841,0.8865184054837606,1.2952798700572004,1.3044819842810813,0.04888487449114316,-1.4141235859638552,-0.0216923774267028,0.2531636538070552,2.228372406002491,-0.7599999999999998,-1.6077812313861104,2.5,-0.06940157393480463,1.6113641322392445,1.273253684482831
2023-09-30,2.5,2.5,2.079824193209249,1.7745065084882916,-0.45494816970499513,-0.31336076449448963,0.17657541412136118,0.9418881138081411,1.2701778296155752,1.4905076386379146,-0.0754336584553355,-0.7316655248111795,-0.12693564433287108,-0.6527807619460624,2.1759980357168494,-0.4400000000000004,-1.0791069013485897,2.5,-0.08698177380902689,1.6349176677765573,1.256653051332555
2023-10-31,2.5,2.5,1.9805633066702613,1.7145583712310055,-0.4137808052548284,0.0434577830153085,0.17300112497591832,0.579852135514159,1.2517931869647292,1.4373446889765225,-0.4364144162584999,-0.6013476834841983,-0.2563422375653132,-1.7815590623042814,2.059923798566173,-0.1900000000000004,-0.6776160576595427,2.5,-0.2606523416526129,2.0834624923232834,1.3718791249164817
2023-11-30,2.339986321705179,2.2416270807990215,1.891449663553125,1.6671866152552255,-0.4969285316559065,-0.49443170859102326,0.16943075982365677,0.6870628253979149,1.2281620644336233,1.3875938524972242,-0.6523745952433576,-1.456132992155288,-0.3408540184454064,0.028829829065451444,1.9570730819917013,-0.3600000000000003,-0.9181710494257812,2.5,-0.3079751193262597,2.190144355022304,1.3778804730200025
2023-12-31,1.7624346977335676,1.8418574980060307,1.8114789912395788,1.6336315610908345,-0.45409455483479,-0.887036283728877,0.03980742656475549,0.5174463197244457,1.241099000515411,1.464881261756379,0.2529645065098037,-1.4433586502748712,-0.4461907630411273,1.4638714203734098,2.0703891415629574,-0.35000000000000053,-0.8826321635751111,2.5,-0.24848890659199926,2.007799791170238,1.2980822023604193
